platform,content_type,engagement,likes,comments,views,date,url,text
tiktok,video,16328600,14700000,28600,134400000,2025-07-07,https://www.tiktok.com/@alaskan.not.eskimo/video/7524124293039426871,"Yes, this was filmed in silence…@Journey #bob #flight #duo #dreadhead #flying #public #yolo #delta #airlines #funny #fyp #fypシ #viral #viralvideo #trending #girls #foryoupage #foryou @Ava Sue’s backup"
tiktok,video,14089700,13700000,33900,152200000,2025-09-14,https://www.tiktok.com/@kimberlykimpena/video/7550079975332842782,150K?!?! THANK YOU❤️ I love watching yall do this trend😊 #sugaronmytongue #foryoupage #fyp #trending #viral
tiktok,video,11499300,11000000,118500,51200000,2021-03-28,https://www.tiktok.com/@bryanthediamond/video/6944707587497594117,At no point in time should your significant other put their hands on you point blank period. #fyp #fypシ #foryou #foryoupage #relationship #dating ￼￼
tiktok,video,7569600,7500000,57800,41700000,2020-12-23,https://www.tiktok.com/@martinkrl/video/6909470233417862401,@charlidamelio ❤️ | #foryou #foryoupage #fy #fyp #xyzbca |
tiktok,video,6816000,5100000,116000,23100000,2025-06-10,https://www.tiktok.com/@faithfulworshiperr/video/7514131927998205230,type amen if you believe!!!#Jesus #God #Father #holyspirit #fyp #comebackhome
tiktok,video,5702000,4700000,56300,33600000,2025-10-30,https://www.tiktok.com/@andrewzviolin/video/7567107451737181470,where have you been - @Rihanna (violin cover) #fyp #violin #cover #viral #musician
tiktok,video,5478700,5400000,18700,56600000,2025-11-01,https://www.tiktok.com/@officialarry1k/video/7567819728048114974,"Lord please, Bring her back 😩😭💗 #fyp #foryoupage #viral #gasstation #cute"
tiktok,video,5473100,5300000,10700,44100000,2025-09-07,https://www.tiktok.com/@kimberlykimpena/video/7547155919843642654,this trend is all over my fyp so it’s my turn now #foryoupage #viral #trending #fyp #dance
tiktok,video,5086900,4400000,29600,18500000,2025-01-14,https://www.tiktok.com/@iisaiahnana/video/7459632883276336414,im still in denial… #fypシ #foryou
tiktok,video,4849307,4800000,3607,28000000,2026-01-16,https://www.tiktok.com/@userwhydoyoucarelol/video/7595999609634213150,I’m rlly glad she gained some more confidence she’s doing great!! 💕 #pinkpantheress #fyp #userwhydoyoucarelol #foryoupage #xybca @😘🙈☺️
tiktok,video,3746500,3300000,12100,16400000,2026-03-22,https://www.tiktok.com/@fweah280/video/7620145467334167839,2020 was so good pls like this took a while #2020 #fyp #nostalgia #edit #foryoupage
tiktok,video,3744199,3700000,6899,54800000,2026-03-13,https://www.tiktok.com/@sakicris.aep/video/7616758898430692630,Mourinho's reaction to Ronaldo 😲⚔️#football #soccer #foryou #foryoupage
tiktok,video,3606400,3400000,17000,31000000,2025-12-18,https://www.tiktok.com/@realshamrok/video/7585166419717950732,Millie so pretty 😍🔥 #edit #fyp #foryoupage #strangerthings #milliebobbybrown #milliebobbybrownedit ★ upload method ★ TG: @editing_news
tiktok,video,3339400,3300000,15500,28500000,2020-04-04,https://www.tiktok.com/@brookemonk_/video/6811753893924523269,I had to try #transition#foryoupage#4upage#foryou#smallgestures
tiktok,video,3069700,2900000,11300,20400000,2025-03-17,https://www.tiktok.com/@chatnoirfx/video/7482626165547584814,chat noir?!?! | #fyp #foryoupage #fypシ #chatnoir #chatnoiredit #catnoir #ladybugandcatnoir #miraculous #miraculousladybug #miraculousladybugedit #trending #aestheticedits #y2cmin @yasmin ⋆.𖥔˚
tiktok,video,2935348,2900000,5148,32600000,2025-07-18,https://www.tiktok.com/@piperrockelle/video/7528539175499435278,#fyp #foryoupage #blowthisup
tiktok,video,2912000,2200000,16100,16400000,2025-01-17,https://www.tiktok.com/@theogpeppa/video/7460690899526339882,#theogpeppa #fyp #FY #fypシ
tiktok,video,2755000,2300000,11500,13600000,2026-03-06,https://www.tiktok.com/@seal_sealion/video/7613990576601484558,#seal #sealion #walrus #viral #fyp
tiktok,video,2656700,2100000,15700,12700000,2025-09-27,https://www.tiktok.com/@tedandlinda/video/7554578781457992973,"This video was taken shortly after Momma’s stroke. As you can see, she was having trouble figuring out how to blow. Her mouth still gives her some trouble b/c the connection from her brain to it is damaged. She can mostly do everything now if you demonstrate how to first, but she can only do it abt three times before it stops cooperating again. When I tell you she had to learn how to do most things again, I mean it. I think this video is so funny now. Wooo! 😂 #fyp #trending #viral"
tiktok,video,2442066,2400000,7766,30900000,2025-09-12,https://www.tiktok.com/@prom67346/video/7549240203106471174,The last moments of the greatest lion in history #viral #shorts #youtube #video #fyp #foryou #trending #unfreez #unfreezmyaccount #scarface #scarfacelion
