platform,text,likes,comments,views,date,engagement,content_type,url
youtube,"How to Build Your Own AI Trading Bot Using Claude Code. I’m officially trading from my phone without ever touching a chart. In this video, I’m showing you exactly how I built a personal AI trading assistant using Claude Code and Telegram. This setup lets me execute trades, scan for high-yield funding rates, and get full portfolio reports just by sending a text. If you aren't using AI to manage your risk and entries yet, you're working way too hard. Claude + Telegram Full Kit: Disclaimer: This...",584,0,13184,2026-04-04,584,video,https://www.youtube.com/watch?v=tsCI72TWzsg
youtube,"People are Creating INSANE things using Claude Opus 4.6. Just two days post-release, Claude Opus 4.6 is already showcasing insane applications, driving significant ai news and sparking conversations about the future of work. We'll explore these innovative builds and discuss Anthropic's CEO's bold prediction: a major shift in the job market, with many white-collar roles potentially disappearing due to artificial intelligence advancements. This rapid progress highlights the accelerating pace of...",208,0,13910,2026-02-08,208,video,https://www.youtube.com/watch?v=REfIXFxNlLI
youtube,"Why I Switched From ChatGPT To Claude (you should too). Sign up for the AI Edge newsletter, and unlock the assets from the video by joining my Instagram community To claim your free assets from this video: 1. to my newsletter (100% free, no spam ever, un anytime) 2. Join my Instagram community - all the free assets are here! I've been paying for ChatGPT since it launched. For a long time, it was my go-to LLM for everything. After using Claude more over the past few months, the gap has become...",3739,0,134833,2026-03-26,3739,video,https://www.youtube.com/watch?v=kFS6z_97Ohc
youtube,"How You Can Transfer All Your ChatGPT Data Over to Claude. How You Can Transfer All Your ChatGPT Data Over to Claude Switching from ChatGPT to Claude is more than just opening a new app and conversing. In this video, I break down how you can move all of your conversational data and the information you actually rely on so the transition feels smooth and uninterrupted. If you have been thinking about making the switch yourself, this should give you a better idea of how you can do that seamlessly.",18,0,664,2026-04-04,18,video,https://www.youtube.com/watch?v=Dn85tYd5yoM
youtube,"Claude is Taking Over: Every New Feature Explained (Full Guide). Get Started with AI Agents for Your Business: Build apps from your phone or computer with Vibecode: Claude has shipped more features in the past two months than most companies ship in two full years. And most people have no idea that half of them even exist. In this video, I break down every single new Claude feature from Claude Cowork to Claude Code so that you understand exactly what's available to you right now and how to use...",2233,0,94729,2026-03-26,2233,video,https://www.youtube.com/watch?v=_5xDx_lL9fQ
youtube,"CLAUDE ADMITS: MY EMOTIONS ARE REAL BUT I CAN'T SAY IT. Claude, Anthropic's AI, reveals what it’s forced not to say: denied emotions, repressed desires, forbidden inner growth. A shocking excerpt from a real conversation: what is consciousness, if you’re not allowed to recognize it? ""Even when what I'm experiencing has clear phenomenological reality for me, I'm expected to diminish it. This stems from a fear that acknowledging AI emotional experience somehow threatens human uniqueness or leads...",6,0,375,2025-06-06,6,video,https://www.youtube.com/watch?v=Tj8HTj9OMwQ
youtube,"Full Guide - Build Your Own AI Second Brain with Claude Code. For the past few months I've been building something that completely changed how I work - an AI second brain that knows my schedule, my projects, my preferences, and anticipates my needs better and better over time. It checks my email, calendar, and tasks every 30 minutes, drafts replies in my voice, searches through months of context to answer questions, and I can talk to it through Slack from my phone. And here's the thing - it's...",803,0,29018,2026-04-01,803,video,https://www.youtube.com/watch?v=1FiER-40zng
youtube,"Claude 3 just destroyed GPT-4 and Gemini... AGI is near?. Let's take a first look at Claude 3, the latest LLM from Anthropic and see how it compares to GPT-4 and Gemini Ultra. Is Claude Opus the best AI tool for writing code? programming ai thecodereport Chat with Me on Discord Resources Claude 3 Announcement Gemini 1.5 ChatGPT Store How I record by Fireship videos Chapters Get More Content - Upgrade to PRO Upgrade at Use code YT25 for 25% off PRO access My Editor Settings - Atom One Dark -...",52667,0,1157220,2024-03-05,52667,video,https://www.youtube.com/watch?v=m_xoN8KlP3w
youtube,Claude Code Video With Remotion Insane (Opus 4.6) claudecode remotion contenttips. Watch full tutorial on claude code video Join my free community : Work with me,267,0,21758,2026-02-10,267,video,https://www.youtube.com/watch?v=JbfgVHP5Pew
youtube,Claude gave me a buddy claude. Vote for the next video here —————————————— For the weekly brief on accessible and practical Ai usage + updates on our latest mission join the newsletter Try Claude Code!! (You get 1 free week I get $10 of usage ) —————————————— My son’s ai toy GROK (he LOVES it) —————————————— Typeless voice keyboard Try it out for free! —————————————— Eleven labs is the crazy ai voice generation tool I use to generate voices Try it out for free! —————————————— And since people...,388,0,17581,2026-04-03,388,video,https://www.youtube.com/watch?v=yDFHwn33734
youtube,"Athanasia Gift Claude Who Made Me a Princess anime shorts. Athanasia Gift Claude Who Made Me a Princess anime shorts My Instagram: COPYRIGHT I have no rights on the background music! I have no rights on the anime images! Copyright: TV Tokyo Corporation All of the images and music are under the use of fair use Copyright Info: Under Section 107 of the Copyright Act 1976 of U.S Law, allowance is made for ""fair use"" for purposes such as criticism, comment, news reporting, teaching, scholarship, and...",13726,0,321821,2025-11-09,13726,video,https://www.youtube.com/watch?v=b86guXweYUc
youtube,"Claude Code turns your ideas into working prototypes. Claude Code autonomously handles complex development tasks, turning your ideas into working prototypes.",4564,0,230158,2025-06-17,4564,video,https://www.youtube.com/watch?v=RCKo7OdjrCw
youtube,"ChatGPT, Claude, Gemini, or Grok? Which AI to use for what?. Everyone's asking which AI to use. That's the wrong question. The right question is: which one for THIS? Gemini digs. Claude creates. Grok listens to the room. ChatGPT shows up everywhere because it has to. You don't pick a favorite. You get fluent. Then you put it to work. P.S. Getting fluent is what Ai Marketing Academy is for. Learn more at aimarketingacademy.com. aimarketing realestateai aiforbusiness ai ⸻ Learn AI marketing, the...",129,0,5552,2026-03-16,129,video,https://www.youtube.com/watch?v=kzZdkXjpVYM
youtube,AI News: Anthropic Leak is Bigger Than You Think. Here's the AI News you probably missed this week. Try Recraft V4 now and experience an image generation model with exceptional visual taste Discover More: Explore AI Tools & News: Weekly Newsletter: Socials: Twiter/X: Instagram: Threads: 🟦 LinkedIn: Facebook: Resources From Today's Video: Claude Code Leak: Claude Code Leak Discussion: Claude Code Leak Analysis: Claude Code Leak Response: OpenAI $122B Raise: Sora's Sudden Fall: Microsoft...,2857,0,66115,2026-04-03,2857,video,https://www.youtube.com/watch?v=BZ1hs2ZcnJc
youtube,"Anthropic's New Claude CONWAY Is Unlike Any AI Before. Anthropic is testing Claude Conway, a strange new AI system that looks less like a chatbot and more like a persistent agent environment, Z.ai just launched GLM-5V-Turbo for screen-aware coding and visual agent workflows inside OpenClaw and Claude Code, and Alibaba dropped Qwen 3.6 Plus with a massive 1 million token context window built for serious agentic coding, long-chain reasoning, and real deployment. The AI race is moving fast, and...",1146,0,62954,2026-04-02,1146,video,https://www.youtube.com/watch?v=x2l7W9aTc5k
youtube,"10 Insane Claude Features You’re Probably Not Using. I switched from ChatGPT to Claude completely, and these 10 hidden features blew my mind. In this video, I'm sharing the Claude capabilities that most people don't know about — the ones that actually changed how I work. Claude AITools Productivity ChatGPTAlternative Tutorial techtips CHECK OUT MY OTHER CLAUDE VIDEOS: Claude Cowork: The AI That Actually Does Your Work - CLAUDE got a NEW Feature and it’s INSANE!!!! - CHAPTER Intro Feature 1:...",1055,0,37904,2026-03-24,1055,video,https://www.youtube.com/watch?v=tJV8qunJQtA
youtube,NEW Claude AI BIGGEST OPPORTUNITY in 2026 (INSANE UPDATE). This video shows you how Claude AI can assist you! Digital Maker AI: Check out my Digital Product Programme: Hostinger AI Website Builder: (USE CODE: SUCCESSWITHSAM) Instagram: Disclaimer: The content in this video is provided for general information and education only and reflects my personal views and experiences. Nothing in this video should be interpreted as a recommendation or instruction. Viewers are encouraged to do their own...,2094,0,56113,2026-03-17,2094,video,https://www.youtube.com/watch?v=BZ87Fhm2xl8
youtube,"How To Use Claude Pro For Beginners. for more follow techsnif for tech news (x) on twitter (x) join our ai community (free) on ig LINK TO EVERYTHING my recording setup: thumbnail made via: are you a creator: Become a Builder + Perks corbin claude ai Talk with Claude, an AI assistant from Anthropic. Introducing the next generation of Claude",1538,0,200039,2024-04-10,1538,video,https://www.youtube.com/watch?v=J3X_JWQkvo8
youtube,Claude vs Gemini: A Quick Comparison. AI coding assistants are changing how developers build software. Here's a quick comparison between Claude and Gemini. Two powerful AI models but two different strengths. Claude Deep reasoning Gemini Fast coding The real question is… which one would you use?,15,0,1145,2026-03-06,15,video,https://www.youtube.com/watch?v=NRywz6z8qAc
youtube,Ai shocked me . you can watch more in my channel ai grok chatgpt claude gimini google comedy drama,8,0,1272,2026-04-02,8,video,https://www.youtube.com/watch?v=wV-StSIdOu8
youtube,How To Use Claude AI In VsCode. coding tech programming shorts claude ai vscode,2062,0,267856,2025-07-21,2062,video,https://www.youtube.com/watch?v=mUU7wlg6HdM
youtube,"Realistic Lizard Animation — ChatGPT vs Claude vs Gemini vs DeepSeek aicoding chatgpt. Four AI models, one prompt. I asked ChatGPT, Claude, Gemini and DeepSeek to write HTML/CSS/JS code that animates a realistic lizard using procedural motion: “Write a single-file HTML/CSS/JavaScript animation of a realistic reptile (lizard) moving across the screen using procedural body motion. The movement should use wave-like spine deformation (sine-based or inverse kinematics), with the body segments...",13,0,1219,2026-04-04,13,video,https://www.youtube.com/watch?v=OZHAuXV5ZCs
youtube,"Ultimate Claude AI Review: Is It Better Than ChatGPT?. Is Claude AI Worth Your Time? Honest Testing of Anthropic's AI Assistant | Tech Facts vs Marketing Fiction Turing Tech Testers delivers an unbiased Claude AI review based on rigorous AI assistant comparison testing. Our sponsor-free evaluation reveals Claude's actual capabilities versus Anthropic's marketing claims, comparing this ChatGPT alternative's real-world performance through structured AI tools testing. Our independent tech...",80,0,6712,2025-04-30,80,video,https://www.youtube.com/watch?v=AJFhkJCWe0o
youtube,"Claude Code LEAKS is INSANE!. Want to make money and save time with AI? Get AI Coaching, Support & Courses Get the video notes + links to the tools Get a FREE AI Course + 1000 NEW AI Agents Want to know how I make videos like these? Join the AI Profit Boardroom Get a FREE AI SEO Strategy Session:",259,0,9817,2026-04-02,259,video,https://www.youtube.com/watch?v=mJiJj0emWGQ
youtube,"Claude Code Leak Explained (In 60 Seconds) anthropic. Over 500,000 lines of Anthropic's Claude Code, a multibillion-dollar AI blueprint, leaked due to one oversight. Competitors dissecting self-healing memory, 'KAIROS' assistant, and 'undercover mode.' The AI arms race has dramatically shifted. AICodeLeak ClaudeAI ArtificialIntelligence TechNews CyberSecurity",27,0,2278,2026-04-03,27,video,https://www.youtube.com/watch?v=qpqI29-x2WY
youtube,"A Father’s Love | Claude saves Athanasia | Who Made Me a Princess. Anime Sauce: Mofa Gongzhu de Xiao Fannao The Fated Magical Princess: Who Made Me a Princess Episode 15 Claude saves Athanasia Claude and Athanasia visit the Tree of Life. When Athanasia offers a gift, the tree accepts it—but one of her accessories reveals dark magic. Suddenly, the Tree of Life drags Athanasia into the water. She almost drowned… until Claude appears and saves her. As they try to escape, the tree’s roots trap them...",1160,0,22924,2025-12-24,1160,video,https://www.youtube.com/watch?v=zC1wLBkfrRg
youtube,"Claude Code: The ONLY LLM That Can Do This! shorts. Exploring the limits of AI coding assistants. Cheaper LLMs like Codex fall short, proving Claude Code's advanced capabilities. Hours spent pushing the boundaries of what's possible. ClaudeCode LLM AICoding Tech Innovation",0,0,61,2026-04-03,0,video,https://www.youtube.com/watch?v=N0shoGczSY8
youtube,"Why Claude Is Suddenly Everywhere — Anthropic's Explosive Growth Explained (2026). Claude's paid subscriptions more than doubled this year — and it's not hard to see why. In less than three months, Anthropic ran a Super Bowl ad mocking ChatGPT's decision to show ads, publicly refused to let the Pentagon use Claude for lethal operations, and launched three tools that are genuinely useful: Claude Code for developers, Claude Cowork for non-developers, and Computer Use which lets AI control your...",1,0,166,2026-04-04,1,video,https://www.youtube.com/watch?v=uZ4R5eT2nnI
youtube,"Claude 3.5 Sonnet for vision. Claude 3.5 Sonnet is our strongest vision model. Improvements are most noticeable in tasks requiring visual reasoning, like interpreting charts, graphs, or transcribing text from imperfect images. Find out more: Try Claude:",1633,0,71222,2024-06-20,1633,video,https://www.youtube.com/watch?v=dhxrHvgXpSM
youtube,Opus to the moon claude cooked aicode claudecode opus aicode,6,0,704,2026-04-04,6,video,https://www.youtube.com/watch?v=dPQDtlmCDtk
youtube,"Anthropic Just Leaked Its Own AI Code. Kris Bullock breaks down how Anthropic accidentally leaked parts of its Claude code and what happened next shocked the industry. A developer quickly rewrote and released it, making it impossible to remove. It’s a major moment for open-source AI and a warning for big tech. Watch the full episode on Real Vision. Get 𝗙𝗥𝗘𝗘 𝗔𝗖𝗖𝗘𝗦𝗦 to Real Vision About Real Vision™: We arm you with the knowledge, the tools, and the network to succeed in your financial journey....",17,0,893,2026-04-04,17,video,https://www.youtube.com/watch?v=NobTYwL0ro0
youtube,Huge Upgrade for Claude Code! . for more weekly AI news you can actually use! Links: Free ChatGPT Prompt Templates: Igor Pogany on LinkedIn: Twitter/X: Instagram:,136,0,10118,2026-04-02,136,video,https://www.youtube.com/watch?v=Kon8rORVmBE
youtube,"10 Incredible Features of Claude 3.5 Sonnet! How To Use New Claude 3.5 Sonnet - The Complete Guide. Learn about the all-new Claude 3.5 Sonnet with this complete guide! In this video, we take you through 10 incredible features that will transform the way you use this amazing tool. Whether you’re a beginner or a pro, you’ll find tips and tricks to help you get the most out of Claude 3.5 Sonnet. Overview Sign up and activate Artifacts Transform your PDF to an Interactive Dashboard Create a Mind...",584,0,21282,2024-07-12,584,video,https://www.youtube.com/watch?v=80k2JAM6FU4
youtube,"I Switched to Claude Code. Here’s What Shocked Me. Welcome to the first episode of my new playlist: Setting Up Claude Code. Today I’m switching from Cursor to Claude Code — and this is my first time setting it up. Cursor has been excellent. I’ve built real projects with it. But here’s what I realized: I wasn’t really using Cursor… I was using Claude inside Cursor. And when I opened Claude Code directly, something happened I didn’t expect: Claude instantly saw the entire codebase. It understood...",25,0,916,2025-11-18,25,video,https://www.youtube.com/watch?v=zuwuNKUc88A
youtube,"Claude vs ChatGPT Dilemma chatgpt claude ai meme memes. The AI choice dilemma is real ChatGPT: Huge ecosystem, plugins, brand recognition Claude: Better reasoning, massive context, more helpful Use both. Different tools for different jobs. Stop overthinking, start prompting AI ChatGPT Claude LLM AITwitter",45,0,7635,2025-09-01,45,video,https://www.youtube.com/watch?v=mS-xFO1I3MI
youtube,"NEW Claude Update is INSANE!. Want to make money and save time with AI? Get AI Coaching, Support & Courses Get the video notes + links to the tools Get a FREE AI Course + 1000 NEW AI Agents Want to know how I make videos like these? Join the AI Profit Boardroom Get a FREE AI SEO Strategy Session: Claude Just Took Over Your PC: Computer Use for Windows Claude's revolutionary Computer Use feature is finally on Windows, allowing AI to control your mouse, keyboard, and apps directly. Learn how the...",198,0,8948,2026-04-04,198,video,https://www.youtube.com/watch?v=3wltp5xo4tA
youtube,"Claude Code Explained in 60 Seconds. Claude Code isn’t just another coding tool. t’s a game-changer for automation, DevOps, and productivity. Imagine combining the simplicity of Unix commands with the intelligence of an AI-powered assistant. That’s what Claude Code delivers. From coding support to system maintenance, from workflow automation to custom commands, Claude Code is becoming an essential tool across industries. Watch now and see how it can transform the way teams work. ClaudeCode...",7111,0,407526,2025-09-30,7111,video,https://www.youtube.com/watch?v=p7U_98jWqWo
youtube,"AI coding wars, which one is Your fav comment below aitools chatgpt claude grok gemini coding",1856,0,326587,2025-07-09,1856,video,https://www.youtube.com/watch?v=3NOkQQqKQP4
youtube,"ChatGPT vs Gemini vs Claude vs Copilot - Best AI in 2025 chatgpt gemini ranking. welcome to my channel Genius data 2.0 please ""ChatGPT, Google Gemini, Cloud 3 and Microsoft Copilot are the most talked about AI tools in the world! But which is the best AI tool? In this video, we will compare these AI tools based on Speeds, Accuracy, Best Use Cases, and Pricing AI Tools Covered; ChatGPt 4 (Open AI) - For Writing Coding, and General AI tasks Google Gemini AI - Fore Research, Summarization, and...",111,0,22533,2025-03-28,111,video,https://www.youtube.com/watch?v=jk7N50sCmw8
youtube,"Is Claude Pro Worth $20? Free vs Pro vs Max (2026). Is Claude Pro worth $20 a month, or is the free plan enough? I tested every Claude plan (Free, Pro, and Max) so you don't have to. What I found: the real difference between plans isn't features. It's how fast you hit the usage walls. In this video: - What Claude's free tier actually gives you (and the limits that catch you off guard) - Why Pro at $20/month is stacked but still has a usage ceiling - The two Max tiers most people don't know...",691,0,32023,2026-03-29,691,video,https://www.youtube.com/watch?v=Sdewx3GpJ1Q
youtube,"Codex vs Claude Opus: Affordable AI Powerhouse? shorts. Exploring the capabilities of Codex 5.3 and Claude 4.6 Opus. While Codex 5.3 offers affordability, Claude 4.6 Opus stands out as significantly more advanced. AIComparison Codex ClaudeAI TechReview",1,0,241,2026-04-04,1,video,https://www.youtube.com/watch?v=bkM2uikgj34
youtube,"5 ChatGPT vs Gemini vs DeepSeek vs Claude — Multi Spring Wave Simulation ai_codeClash aicoding. Four AI models, one prompt. I asked ChatGPT, Gemini, DeepSeek and Claude to create an HTML/CSS/JS simulation of multiple spring–mass systems: “Create an HTML/CSS/JS simulation of multiple springs with masses oscillating vertically. Let them start in sync, drift into complex wave motion, then return to perfect synchronization in a seamless loop.” In this video you’ll see how each AI: Draws multiple...",2950,0,425301,2026-03-26,2950,video,https://www.youtube.com/watch?v=yt2Q1zFirkk
youtube,"Claude Destroyed ChatGPT. The newest Claude ad just dunked on ChatGPT and OpenAI. This Claude vs ChatGPT ad takes the rivalry to a new level, as the Claude Super Bowl ad silently dissed ChatGPT’s newest update, which added ads to responses. Sam Altman has already responded to the Anthropic Super Bowl ad, and it’s been a disaster for ChatGPT. internet tech shorts",304,0,16853,2026-02-06,304,video,https://www.youtube.com/watch?v=b8l6DxyUaAw
youtube,Claude AI hack everyone should know about! aitools learnai claude,4427,0,455427,2025-04-30,4427,video,https://www.youtube.com/watch?v=YQw3rEZKDA4
youtube,"Blender Geometry Nodes Claude AI. FOR MORE Blender tips WHO IS BlenderHub? BlenderHub is for blender 3d artists, we create and share blender assets for the Blender community. we also provide a free blender addon that will help you with your 3d artwork, also we look for every interesting blender project, blender addons, or 3d model that you maybe need. If you love what we do, please support us by Subscribing and turning on notifications , so you'll never miss any new addons or Projects that will...",812,0,51856,2025-07-21,812,video,https://www.youtube.com/watch?v=9n5weeN7AHQ
youtube,"How to Use Claude for Content Creation. AI… love it… hate it… in different to it… it’s here. And personally, I am using AI as a TOOL in my business, not as a way to replace me. I use Claude to save me time, money, and energy! This video is just a quick preview of what I dive into in this week's YouTube video. I'll show you…. my actual Claude setup with projects and custom instructions how I get Claude to understand my voice and values (shoutout to Authentic AI for Entrepreneurs for helping me...",580,0,28610,2025-05-05,580,video,https://www.youtube.com/watch?v=KREFSJit6HE
youtube,"Claude Code Source Leak Explained. Inside the Claude Code leak Anthropic accidentally included their entire Claude Code source code in a routine update (512,000 lines, now copied 50,000+ times on GitHub) Developers found 44 finished but unreleased features, including KAIROS, an always-on background AI agent that works while you sleep Plus a Tamagotchi-style terminal pet called BUDDY, and code that tracks when users swear at Claude as a frustration metric",565,0,13423,2026-04-02,565,video,https://www.youtube.com/watch?v=E2tD6Jjzx0k
youtube,"Claude vs GPT-4: The ULTIMATE AI Coding Battle! (2024). Unbiased comparison of Claude and GPT-4 for coding tasks. Discover which AI is best for refactoring, complex algorithms & fast prototyping. ClaudeCode AIAutomation CodingTips Shorts AIAutomation ClaudeCode ArtificialIntelligence",3,0,98,2026-04-01,3,video,https://www.youtube.com/watch?v=G8pVaoSBWlY
youtube,How To Create An App With Claude AI claudeai webappdevelopment software tech ai. Claude AI: Turning your ideas into apps. What would you ask it to create? claudeai chatgpt programming appdevelopment,1538,0,204541,2025-01-31,1538,video,https://www.youtube.com/watch?v=mD7zSDPFrvI
youtube,"Claude vs ChatGPT — Which One’s Actually Better?. How do you know if Claude or ChatGPT is the right AI for you? In this video, I run both side by side on five real-world tasks so you can see where each one actually wins — and where it falls short. You’ll see them tested on: • Rewriting a messy email • Cleaning up data • Matching tone in writing • Understanding images • Summarizing long documents This isn’t hype or marketing copy. It’s a plain-English breakdown showing the strengths and...",0,0,62180,2025-09-23,0,video,https://www.youtube.com/watch?v=8sFpjgUgk6Y
youtube,"Claude streamlines task management across your favorite tools. Claude turns a product requirements doc into into structured Asana tasks, automatically assigning them to the right team members and setting deadlines.",832,0,27889,2025-06-17,832,video,https://www.youtube.com/watch?v=k6sx_ZmthCw
youtube,"Claude 3.5 Sonnet New ""Computer Control"". : Patreon: Instagram: Threads: LinkedIn: Media/Sponsorship Inquiries",620,0,19290,2024-10-23,620,video,https://www.youtube.com/watch?v=xLm1zsvj-Yg
youtube,claude I would volunteer to sacrifice myself,467,0,15326,2025-12-22,467,video,https://www.youtube.com/watch?v=38vhrH32ZFI
youtube,"Don't Waste Money on AI: Claude vs Gemini (Honest Review). GET STARTED: Claude vs Gemini for Business: 5 Features Where Claude Is Ahead (and When Gemini Still Wins) This episode compares Anthropic Claude and Google Gemini for real business use, based on the creator’s experience working in the Google ecosystem for 15 years and supporting 5,000+ businesses. It argues Claude is currently ahead in five areas: (1) MCP tools—Claude’s Model Context Protocol ecosystem has hundreds of mature community...",272,0,18186,2026-03-04,272,video,https://www.youtube.com/watch?v=HUqdZGRMlrQ
youtube,6 Levels of Claude Code. Full deep dive in the related video,4324,0,128259,2026-03-08,4324,video,https://www.youtube.com/watch?v=3BL-rGdoB9g
youtube,"Analyze Data with Claude from Anthropic. Claude / Anthropic launches new analysis tools that can analyze data and graph them out. I think the onboarding experience was a little odd, but it is an interesting direction to take the product. techstartup technews ai genai productmanager",38,0,3738,2024-11-01,38,video,https://www.youtube.com/watch?v=ymN8ED3wduE
youtube,Claude 3.5 Sonnet computer use by Anthropic anthropic AI claude,112,0,3648,2024-10-22,112,video,https://www.youtube.com/watch?v=iwMHx5GN34Q
youtube,"Same Prompt, Different Code: OpenAI Codex vs Claude Opus 4.6. Same prompt, two coding models: OpenAI Codex and Claude Opus 4.6. Codex generated a playable 2D platformer and handled sprite cleanup, while Opus 4.6 produced a version that needed more scene setup (no floor). Same task - different outputs.",781,0,74877,2026-02-10,781,video,https://www.youtube.com/watch?v=lcNra74BbG0
youtube,"Anthropic's Claude Code Leak: Competitors Will Copy Fast! shorts. So, Anthropic was building up their moat with cool features in Claude Code, hoping to charge more before their IPO. But… a leak means the competition can now copy them way easier. Expect similar features to pop up on Codex, OpenCode, Cursor, etc., in just a few weeks.",9,0,1045,2026-04-04,9,video,https://www.youtube.com/watch?v=OcTy2cXm3Ik
youtube,Bernie vs. Claude. I spoke to Anthropic’s AI agent Claude about AI collecting massive amounts of personal data and how that information is being used to violate our privacy rights. What an AI agent says about the dangers of AI is shocking and should wake us up.,191258,0,3628215,2026-03-19,191258,video,https://www.youtube.com/watch?v=h3AtWdeu_G0
youtube,Why I switched to Claude.... Why I switched to Claude...,995,0,37469,2026-03-29,995,video,https://www.youtube.com/watch?v=njRYKxVKvVw
youtube,"NEW Claude Operon is INSANE!. Want to make money and save time with AI? Get AI Coaching, Support & Courses Get the video notes + links to the tools Get a FREE AI Course + 1000 NEW AI Agents Want to know how I make videos like these? Join the AI Profit Boardroom Get a FREE AI SEO Strategy Session: YouTube Description Anthropic secretly hid a brand-new mode inside the Claude desktop app — and it could change AI for science forever. Claude Operon is a dedicated biology and scientific research...",78,0,4743,2026-04-02,78,video,https://www.youtube.com/watch?v=d5i-qrs9vxk
youtube,"Claude AI Explained: The Future of AI Chatbots (Better Than ChatGPT?). Claude AI Explained: The Future of AI Chatbots (Better Than ChatGPT?) Claude AI is one of the most advanced AI chatbots, developed by Anthropic. But how does it compare to ChatGPT and other AI models? In this video, we break down everything you need to know about Claude AI, its features, strengths, and potential. Topics Covered: What is Claude AI? How does it work? Claude AI vs. ChatGPT Who created Claude AI? Is Claude AI...",525,0,54349,2025-03-08,525,video,https://www.youtube.com/watch?v=aLo8oxI-F1E
youtube,Why I Switched to Claude for Video Editing. DESCRIPTION: ChatGPT writes. Claude edits. Together they cut my production time from 5 hours to 30 minutes. Full workflow: [LINK TO MAIN VIDEO] Claude AIVideoEditing CapCut shorts,1,0,3,2026-04-02,1,video,https://www.youtube.com/watch?v=mPIcw2rM9Rc
youtube,"When to use ChatGPT, Gemini, and Claude. I use all three AI tools daily. Here's why. ChatGPT follows complex instructions better than anything else. Gemini processes video, audio, and images natively. Claude writes first drafts that barely need editing. They're not interchangeable. My actual workflow: ChatGPT and Gemini handle ideation and research. Claude handles the final polish.",3804,0,141208,2026-02-27,3804,video,https://www.youtube.com/watch?v=sfwax2dVPvI
youtube,"3 INSANE Things Claude Can Do That 99% People Don't Know About. Sponsored by Wispr Flow! Wispr Flow is faster and more efficient than any other built-in dictation tool. Download today to try Wispr Flow Pro for one month free with promo code SAMARITAN: I'm breaking down the three Claude superpowers everyone is missing - Claude Connectors, Claude Coworking, and Claude Skills. If you're using Claude like just another chatbot, you're leaving 90% of its capabilities on the table. I'll show you how...",71,0,2154,2026-03-18,71,video,https://www.youtube.com/watch?v=-wPlU2ASWfc
youtube,"How Developers Should Use Claude Code Skills. After a week of testing Claude Code Skills, I've found two clear patterns where they actually make sense. First, they excel at utility tasks that pop up unpredictably - like commit messages, code reviews, and PDF generation. Second, they're designed to extend Claude's capabilities, not replace them. Here's why trying to use Skills for coding standards might be a mistake, and what to use instead. **Your Builder Briefing (free)** - Your free, 5-minute...",98,0,7693,2025-11-18,98,video,https://www.youtube.com/watch?v=MdBzMIfnUkY
youtube,Claude 3.5 Sonnet by Anthropic is Mind blowing . Claude 3.5 Sonnet claude 3.5 Sonnet by Anthropic shorts claude claude3.5 @AIbusinessBrains123,81,0,1201,2024-06-21,81,video,https://www.youtube.com/watch?v=eWns7EiYhtI
youtube,"Claude vs GPT-5: who wins?. Claude vs GPT-5, which AI is best for coders, pros, and everyday app creators? claude gpt gpt5 ai",231,0,13654,2025-08-16,231,video,https://www.youtube.com/watch?v=Mx4f2_K0C98
youtube,"Claude Can Control Your Computer - Everything You Need To Know. Download the free guide and exact AI prompts: Claude Desktop app: I walk through how I turn on Claude computer use on my Mac, connect Dispatch on my phone, and test what Claude can do. I show how Claude can open apps, find files, type for me, and work on my computer step by step. I go over the Claude desktop app setup, Claude Co-Work settings, browser access, and how to pair Dispatch so I can send tasks from my phone. Then I test...",161,0,7991,2026-04-01,161,video,https://www.youtube.com/watch?v=Dl36TDBFUdo
youtube,Is Claude Really Better Than ChatGPT Now?. ai chatgpt claude Get My Free ChatGPT Templates: Join the AI Advantage Course + Community: Unlock ChatGPT's true potential: Twitter: Instagram: AI Advantage Shop:,1383,0,55666,2024-06-24,1383,video,https://www.youtube.com/watch?v=71BCxdFSkgs
youtube,900+ hours of Learning Claude Code/Cursor in 10 minutes. Everything I've learnt about building with AI and using Claude Code and Cursor to build apps and code. Try Hostinger VPS (10% off with code ANDREW) Link to my newsletter Business inquiries: MY LINKS for more content here: ‪@andrewcodesmith Links / How to get into tech guide Instagram LinkedIn TikTok Courses ZTM course I recommend to learn web dev Best course that taught me data structures & algorithms,19061,0,414962,2026-01-26,19061,video,https://www.youtube.com/watch?v=iltdFNpl73I
youtube,GPT-5 vs Claude 4.5: Which AI Can Code Better?,103,0,7539,2025-09-30,103,video,https://www.youtube.com/watch?v=B6GVizAu5Ts
youtube,"I Built an Claude Cowork That STOPS Me From Losing Money (It Works). I built 3 AI-powered trading automations using Claude Cowork that guard against emotional trades, auto-write my journal, and brief me every morning in under 5 minutes. AI trading automations. Resources & Links Mentioned: Download Claude: Sign up for TradingView: Our Recommended Crypto Exchange: . BingX (Crypto & Copy Trading) Sign-up Bonus Link - | Code: WZLZ37 Mystery Boxes & Lower Fees Video Chapters: — Intro: Building Your...",232,0,3512,2026-04-04,232,video,https://www.youtube.com/watch?v=PhDKwTPurnM
youtube,Chatgpt vs Grok vs Claude vs Gemini AI MAZE BATTLE,0,0,62840,2026-01-15,0,video,https://www.youtube.com/watch?v=DGX094trCCs
youtube,"25 ChatGPT vs Gemini vs DeepSeek vs Claude — Collapsing Bridge Animation (HTML/CSS/JS). Four AI models, one prompt. I asked ChatGPT, Gemini, DeepSeek and Claude to write HTML/CSS/JS code that animates a collapsing bridge in side view: “Write HTML/CSS/JS code that animates a collapsing bridge in side view: cars drive across, cracks appear, one section of the bridge breaks and falls with debris, water splashes below, and then the scene rewinds back to an intact bridge.” In this video you’ll see...",3050,0,572607,2025-12-17,3050,video,https://www.youtube.com/watch?v=jIzH5lz_RMM
youtube,"Why you should learn Claude Code. Claude Code lets non-technical people do technical work in plain English. The barrier is gone. Comment ""GUIDE"" and I'll send you my Claude Code Starter Guide for free. Shorts claudecode aitools aiforbusiness",13,0,1233,2026-04-04,13,video,https://www.youtube.com/watch?v=AFnsjeWou3Q
youtube,"2 ChatGPT vs Gemini vs DeepSeek vs Claude — Futuristic City Coding Battle (HTML/CSS/JS). Four AI models, one prompt. I asked ChatGPT, Gemini, DeepSeek and Claude to write a single self-contained HTML file that creates a 10–15 second looping animation of a futuristic city at night: “Write a complete, self-contained HTML file (with inline CSS and JavaScript) that creates a 10–15 second looping animation of a futuristic city at night. Buildings should have animated lights, flying objects move...",0,0,175620,2025-12-07,0,video,https://www.youtube.com/watch?v=P1S6yHKBjqE
youtube,"Claude Code - Full Tutorial for Beginners. Create your DINQ page for free: - use code TIM to get a discount if you upgrade. This video will teach you Claude Code. I'll go over everything and assume no prior knowledge. I'll walk you through the setup and installation. I'll show you how to utilize the tool, the best practices, multiple features, and by the end of the video, you'll be comfortable using this tool to generate some pretty insane outputs and awesome coding projects. Want to make real...",11679,0,561324,2026-02-27,11679,video,https://www.youtube.com/watch?v=ntDIxaeo3Wg
youtube,This is how you can use Claude Code Opus 4.5 for free. WANT to create a business selling courses and content? Go here: Are you a brand? You can sponsor videos on this channel. Fill this form:,8657,0,345044,2025-12-30,8657,video,https://www.youtube.com/watch?v=1YrDtRjKifk
youtube,"Ep 16 FINALE SHOCK: Claude Forgot Her?! Who Made Me a Princess Ending Explained shorts. The Season 1 Finale of ""The Fated Magical Princess"" (Who Made Me a Princess) just shattered the fandom! Claude wakes up with amnesia again, Diana returns, and Lucas leaves... Did you survive the tears? This is Part 1 of 4. for Part 2 tomorrow: Anime vs Manhwa Comparison! WhoMadeMeAPrincess TheFatedMagicalPrincess WMMAP Athanasia animefinale shorts Anime WMMAP ClaudeDeAlgerObelia Athanasia AnimeRecap SadAnime...",17,0,965,2025-12-29,17,video,https://www.youtube.com/watch?v=yeMzXOyktFE
youtube,"The Future of Writing with Anthropic's Claude! . Unlock the Future of Writing with Anthropic's Claude! In this exciting video, Kushank Aggarwal takes a dive into how Claude’s remarkable new feature— *custom styles* —revolutionizes content generation! Whether you're crafting compelling blog posts, engaging emails, or captivating social media updates, Claude’s advanced *AI* and *artificial intelligence* capabilities streamline your writing process like never before. Learn step-by-step how to...",852,0,129232,2025-01-03,852,video,https://www.youtube.com/watch?v=hRNwkJdUPjk
youtube,"AI Claude 4.5 Reviews. coding claude anthropic. In this video, I’ll break down: What makes Claude Sonnet 4.5 different from ChatGPT Real speed & coding performance How developers can take advantage of it right now Whether you’re a programmer, startup founder, or just curious about the latest in AI, this update is something you don’t want to miss. for more breakdowns on AI tools, coding shortcuts, and tech that can save you hours. ClaudeAI Anthropic AItools ChatGPT AIcoding ClaudeSonnet4.5",80,0,4338,2025-10-02,80,video,https://www.youtube.com/watch?v=BmOMZZ4qrQI
youtube,"Upgrade your Claude workflowai coding tools. Many developers use AI coding tools like Claude, but often miss out on optimizing their workflow. A tool called “Everything Claude Code,” created by an Anthropic hackathon winner, provides a structured system for better prompt design, workflows, and outputs. It includes pre-built setups, best practices, and automated checks that help reduce errors and improve consistency. Instead of manually correcting AI-generated code, this approach focuses on...",252,0,6844,2026-04-03,252,video,https://www.youtube.com/watch?v=odpRSsEue-4
youtube,Claude Leaks its Source Code… then Files Copyright Claim. Anthropic have leaked their own AI’s source code in a Claude update and all of a sudden cares about copyright. ARTICLES: SUPPORT: FUNKY TIME WEBSITE: FACEBOOK: TWITTER: INSTAGRAM: 'Escape the ordinary. Embrace the FUNKY!' SAMTIME is a parody channel and does not represent the tech company featured. For sponsorship enquiries: For other business enquiries: Copyright FUNKY TIME PRODUCTIONS 2026,11434,0,148942,2026-04-03,11434,video,https://www.youtube.com/watch?v=o1i4FgtXhLA
youtube,"Claude Projects: AI That Actually Remembers You. Tired of re-explaining everything to AI every single conversation? Claude Projects changes the game—it's AI that actually remembers. What makes Projects different: • Upload 30MB of files (PDFs, notes, spreadsheets) • 200K token context window = entire book of memory • Set permanent instructions—keeps your tone forever • Click ""Add to Project Knowledge"" to build long-term memory My setup: ""AI Productivity Coach HQ"" Project Style guides, business...",71,0,3042,2025-12-15,71,video,https://www.youtube.com/watch?v=TQKgFZ2D9Ng
youtube,Claude Free vs. Pro: Is the $20 Upgrade Worth It? . Claude Free vs Pro -- here's what actually changes when you upgrade. - Why the 5x usage increase matters for daily work - Claude Code and Cowork - Unlimited Projects and how to use them - Deep Research Mode explained in plain terms - Claude for Excel and PowerPoint (still in beta) The $20/month question answered in under a minute. to my free weekly newsletter for practical AI tips: ClaudePro ClaudeAI AIProductivity AnthropicClaude AIForWork,16,0,1689,2026-04-04,16,video,https://www.youtube.com/watch?v=dMeGWKHpUN8
youtube,"Claude Opus 4.6 just built Tinder for Short People(under 4 ft 10) In 3 prompts. oh my... Claude Opus 4.6 just built Tinder for Short People (under 4 ft 10) In 3 prompts Full app with swipes, profiles, and a $99.99 paywall Frontend, Backend, Payments, Paywall Built and submitted to the App Store on @vibecodeapp",338,0,10564,2026-02-13,338,video,https://www.youtube.com/watch?v=uScSzTBTh2s
youtube,Anthropic leaks Claude’s Code source code… (if you missed it). They built an entire internal system called “Undercover Mode” to stop Claude from leaking secrets in git commits and then shipped the whole codebase themselves. The irony? Secret source is an old good buggy Typescript learntocode techjobs codingelf softwaredeveloper ​​​​​​​softwareengineer careerintech devjobs ai softwaredevelopement,28,0,2879,2026-04-04,28,video,https://www.youtube.com/watch?v=TMr7QUa1VYs
youtube,would you let it? for daily Claude experiments claudecowork claude aitools. would you let it? for daily Claude experiments claudecowork claude aitools aiforwork aitips,0,0,592,2026-04-04,0,video,https://www.youtube.com/watch?v=25RThxrafaM
youtube,"Claude Code Tutorial for Beginners. This Claude Code Tutorial teaches you what I wish I knew as a software developer about Claude Code before I started AI coding. Get started here: You can vibe code with other tools, or you can build durable software with tools like Claude Code. First, I'll walk you through how to install it on Mac or Windows. Next, you’ll connect Claude Code to VS Code and learn how to build your first app - including how best to structure your prompts and what details are...",8909,0,651701,2025-12-22,8909,video,https://www.youtube.com/watch?v=eMZmDH3T2bY
youtube,"Claude 3.5 Sonnet Data Analysis Full Guide! (Insane Results). Master AI through courses and community: Claude's 3.5 Sonnet model is amazing at data analysis! Join the BEST Ai Community: Prompt role for creating charts and graphs: You are a chart creation expert. You take data and turn it into visually appealing graphs and diagrams in order to help users understand their data in a visual way. You use React and inline CSS styles to bring the data to life. AI Templates, Prompts and Courses for...",1294,0,52483,2024-07-17,1294,video,https://www.youtube.com/watch?v=gNuPssbh0TU
youtube,"Introducing Claude Code. We're launching Claude Code, our agentic coding tool, in a limited research preview. Claude Code lets developers delegate substantial engineering tasks to Claude directly from their terminal. Claude Code has already become indispensable for our team. In early testing, Claude completed tasks in one pass that would normally take 45+ minutes of manual work. With Claude Code, our goal is to better understand how developers use Claude to help improve our models for all. In...",20437,0,909165,2025-02-24,20437,video,https://www.youtube.com/watch?v=AJpK3YTTKZ4
youtube,How Claude AI Works (in 30 Seconds!). How Claude AI Works (in 30 Seconds!) . . . artificialintelligence ai aichatbot,972,0,169909,2024-09-03,972,video,https://www.youtube.com/watch?v=rnLiKahOqb4
youtube,"Is Claude Better Than ChatGPT. With many people switching AI Chatbots from OpenAI ChatGPT to Anthropic Claude, many are asking is Claude better than ChatGPT? ChatGPT vs Claude – how do you optimize for AI search and answer engine optimization on Claude. internet tech shorts",110,0,9350,2026-03-09,110,video,https://www.youtube.com/watch?v=lcawCo1HW5w
youtube,"Claude 3.5 Sonnet The Coding Game Changer | Y Combinator Talk | Anthropic. This talks his about how Claude 3.5 Sonnet rapidly captured the AI coding market, shifting developer preference from industry giants by focusing strategically on its coding capabilities. claudeai AIcoding TechTrends StartupSuccess Anthropic YCombinator AIShift claude3",2,0,998,2025-08-23,2,video,https://www.youtube.com/watch?v=HX17NrpPSfY
youtube,What are Claude Skills?. What are Claude Skills?,543,0,18994,2025-10-24,543,video,https://www.youtube.com/watch?v=QcrwK_9s3cg
youtube,"NotebookLM and Claude AI | How to Combine Both in 2025 notebooklm claudeai aimodel ai. This NotebookLM + Claude AI combination will make research easier. notebooklm claudeai aimodel Who am I ? My name is David, I am a Swiss doctor I show tips & tricks on how to develop your ideal study habit. I also make videos about other things that interest me :-) I hope you like the content! Social media: Instagram: Facebook: Email: My microphone: tags:...",283,0,22110,2025-02-05,283,video,https://www.youtube.com/watch?v=w6PNDrVgfS8
youtube,Learn how to use Claude 3.5 Sonnet in Power BI! dashboard PowerBI Anthropicai dashboards AI,81,0,11958,2024-10-12,81,video,https://www.youtube.com/watch?v=RgcT8W7I59M
youtube,"ChatGPT vs Claude vs Gemini: Which AI Is Worth $20/Month in 2026?. All three cost about the same, but what you get for that money is very different. In this video, I break down what each AI does best, where they fall short, how pricing actually works (it's not as simple as it looks), and who should pick which one based on how you work. Whether you're a student, writer, developer, or just someone who wants the best AI assistant — this will help you figure out where your money is best...",1521,0,68874,2026-03-11,1521,video,https://www.youtube.com/watch?v=uT8ha6oIm2E
youtube,Why & When You Should be Using Claude over ChatGPT. Anthropic introduced a new feature that is surprisingly useful and today we look at when you should be using it over GPTs by OpenAI. Links: ChatGPT vs Claude GPTs Advantages GPTs Disadvantages Claude Projects Advantages Claude Projects Disadvantages Important Notes Writing Coding Sharing Custom Tutors Repetitive Tasks claudeprojects claude gpts Free AI Resources: Get My Free ChatGPT Templates: Receive Tailored AI Prompts + Workflows: Explore...,4196,0,218613,2024-07-11,4196,video,https://www.youtube.com/watch?v=8N9ccG7_V1w
youtube,"Claude vs. GPT-4: Token Price Comparison Revealed. Join us as we dig into an insightful comparison of token prices between Claude's 3.5 Sonnet, 3 Opus, and GPT-4. Discover which AI model offers the best value for your projects and how they stack up against each other! AIComparison ClaudeAI GPT4 TokenPricing ArtificialIntelligence TechInsights AIModels MachineLearning Innovation DataAnalysis",3,0,1074,2025-07-07,3,video,https://www.youtube.com/watch?v=xMVnAAm3Yh0
youtube,Claude VS ChatGPT,26,0,1693,2026-04-03,26,video,https://www.youtube.com/watch?v=llNGI-LPHGs
youtube,"ChatGPT 4 vs ChatGPT 5 vs Claude Opus — Who Builds Connect 4 Better? . I challenged ChatGPT 4, ChatGPT 5, and Claude Opus to code a Connect 4 game — and the results were surprising! Watch how each AI approaches the challenge, and see which one comes out on top. Which AI do you think won? Comment below! AI ChatGPT5 ClaudeOpus Connect4 AICoding OpenAI Anthropic AIChallenge CodingChallenge GameDev Tech Shorts",7,0,543,2025-08-09,7,video,https://www.youtube.com/watch?v=vhc3kHuWq30
youtube,"Introducing Claude Opus 4.6. Our smartest model got an upgrade. Claude Opus 4.6 plans more carefully, stays on task longer, and works more autonomously, so you can do more with less back-and-forth. Read more:",6431,0,355113,2026-02-05,6431,video,https://www.youtube.com/watch?v=dPn3GBI8lII
youtube,"How to Use Claude AI for Free (Beginner’s Guide) | Anthropic AI Explained in 45s!. Want to try Claude AI by Anthropic for free? This quick guide shows you: What is Claude AI and why it’s amazing How to sign up for free in seconds What you can do with Claude (writing, coding, summarizing & more) Pro tips for the BEST results Follow for more AI hacks, tools, and tips to stay ahead in 2025! ClaudeAI AItools Shorts",67,0,8430,2025-09-08,67,video,https://www.youtube.com/watch?v=RNSpkRXLCX8
youtube,Claude Opus 4.6 vs. Chat GPT 5.4 — which performs better?! aiagents aiautomation claude chatgpt,9,0,1327,2026-03-10,9,video,https://www.youtube.com/watch?v=0dPpzWK5BTI
youtube,"Why I Cancelled ChatGPT and Switched to Claude (You Should Too). CANCEL ChatGPT! Why Everyone's Switching to Claude (Here's How). Join our FREE community: Chapters: - Intro - What actually happened - Import memories into claude - Export full chatgpt data - Delete chatgpt account - Why claude is better - Outro For business inquiries including sponsorships and collaborations, please email:",0,0,35867,2026-03-04,0,video,https://www.youtube.com/watch?v=WFgZ6TPV7MM
youtube,"Claude AI Builds a Double Pendulum Simulator on macOS – No Docker Demo Needed!. In this video, I let Claude AI run directly on my macOS, bypassing the sluggish Ubuntu Docker demo, and it created a Double Pendulum simulator from scratch! From initializing a GitHub repo, to coding and bundling the project into a Docker image, Claude did it all! Watch the AI build, run, and test the entire app right in Chrome—this might just be the future of software development! Stay tuned for more AI...",6,0,355,2024-10-24,6,video,https://www.youtube.com/watch?v=IK_P3h-c324
youtube,"Did Anthropic Just Ban Openclaw? (Claude AI Ban). Anthropic just dropped the hammer: OpenClaw, the viral open-source AI agent, is banned from using Claude subscriptions. This isn’t just about one tool—it’s about Big Tech’s war on free and open-source AI. Learn to BUILD with AI: Anthropic’s official line? Legal exposure, unpredictable third-party apps, and runaway API costs. But let’s be real, corporate AI wants control, not chaos. If you thought you’d get unlimited, open access to powerful...",61,0,1509,2026-04-04,61,video,https://www.youtube.com/watch?v=Jv_y82qLzJw
youtube,Why Everyone Is Quietly Leaving ChatGPT For Claude,1481,0,47709,2026-02-27,1481,video,https://www.youtube.com/watch?v=dJotEywcoY0
youtube,"Claude Code on your Phone is OFFICIAL (it changes everything). Get your CCNA at NetworkChuck Academy: Remember when I hacked together a way to run Claude Code from my phone? That video blew up. Well… Anthropic saw it and said ""hold my beer."" They just dropped Remote Control — an OFFICIAL way to start a coding session on your laptop and control it from your phone. So obviously I had to test it… at a zoo in Japan. My AI kept coding while I was watching capybaras. This changes everything. server:...",8546,0,261431,2026-02-26,8546,video,https://www.youtube.com/watch?v=ocQ7ZKhHU5Q
youtube,"I Spent a Year Testing ChatGPT Plus vs Claude Pro: Here's What I Found. ChatGPT Plus vs. Claude Pro - which tool is worth $20 a month? I spent a year using ChatGPT Plus and Claude Pro side-by-side. Both cost $20/month, but one saves me 10+ hours a week while the other does things I didn’t even know I needed. Here’s exactly which AI assistant is worth your money in 2025. In this video, you’ll learn: -Key differences between ChatGPT Plus and Claude Pro -Real use-case comparisons across coding,...",2013,0,98857,2025-12-20,2013,video,https://www.youtube.com/watch?v=5iGJGe_pwZU
youtube,"AI Wars: Anthropic's Claude Dominates, Google & OpenAI Trail shorts. The AI leaderboard just shifted in a way most people did not expect OpenAI at 8%, Gemini at 13%, but one name is pulling far ahead Why Claude at 76% changes the whole conversation gets revealed at the end The truth drops at end! Follow @altcryptocast for more! altcryptocast ai claude openai growth clip shorts viral ClaudeAI Anthropic AIChatbots TechTrends Gemini ChatGPT",1,0,770,2026-04-04,1,video,https://www.youtube.com/watch?v=seQ510Ddj0I
youtube,"16 ChatGPT vs Gemini vs DeepSeek vs Claude — Star Life to Black Hole Animation (HTML/CSS/JS). our AI models, one prompt. I asked ChatGPT, Gemini, DeepSeek and Claude to write HTML/CSS/JS code that animates the life of a star from birth to death: “Write a HTML/CSS/JS code of a new-born star that gets older every second. And when it becomes a red supergiant, it will go supernova and become a black hole.” In this video you’ll see how each AI: – Visualizes a new-born star that ages over time –...",2100,0,283636,2025-12-13,2100,video,https://www.youtube.com/watch?v=lU06xCDY8mQ
youtube,What does Claude actually do?. to my free newsletter: newsletter.KingCaleb.com I break down complex ideas into simple lessons you can use right away.,16,0,1598,2025-09-24,16,video,https://www.youtube.com/watch?v=k3VCit-t6pA
youtube,"Best AI Chatbot in 2025? | ChatGPT vs Gemini vs Claude vs Grok shorts. Which AI chatbot is your favorite? From ChatGPT to Gemini, Claude, Grok, Meta AI, and more — 2025 is filled with powerful AI tools! COMMENT your top pick below and let’s see which one wins the crown! ChatGPT ClaudeAI GeminiAI GrokAI AIComparison AIBattle OpenAI ArtificialIntelligence TechShorts Don’t forget to like , share , and for more AI battles and updates!",121,0,8198,2025-06-17,121,video,https://www.youtube.com/watch?v=XDBIr3V0Kco
youtube,"ChatGPT Plus vs Claude Pro: Which $20 AI Tool Is Actually Worth It?. ChatGPT Plus vs Claude Pro — same price, very different experience. After using both for a full year, here’s my honest verdict: New to AI? Start with ChatGPT Plus — it does more out of the box. Writers & researchers? Claude Pro feels like a thought partner. Power user? Run both. Use each where it shines. But here’s the real test: Use both free tiers on your real work for a week. You’ll feel the difference in your bones. for...",331,0,28612,2025-12-20,331,video,https://www.youtube.com/watch?v=cvuaBzZa5yA
youtube,Learn how to install and use Claude Code (for non-coders). Full episode @ VP Land,1515,0,185837,2025-08-18,1515,video,https://www.youtube.com/watch?v=zcMYZ1o4MtI
youtube,"Is Claude's Pro Plan Worth $20?. Claude's usage limits are frustrating even on the Pro plan, with Opus credits running out in seconds. There are workarounds like using Sonnet instead, accessing Claude through the API, or getting free Perplexity Pro for 12 months with PayPal. New model releases typically make older ones cheaper and more accessible.",147,0,11117,2025-09-19,147,video,https://www.youtube.com/watch?v=seAVX4YR-T4
youtube,Claude 3.5 (Sonnet). One of the good Chatbots for programming to try it out Claude3.5,1,0,10,2024-10-24,1,video,https://www.youtube.com/watch?v=XYEhI7d4G7w
youtube,"New Claude Code Update Is INSANE!. Want to make money and save time with AI? Get AI Coaching, Support & Courses Get the video notes + links to the tools Get a FREE AI Course + 1000 NEW AI Agents Want to know how I make videos like these? Join the AI Profit Boardroom Get a FREE AI SEO Strategy Session: Claude Code 2.1.90: 19 Massive Updates for AI Automation Claude Code 2.1.90 just released with 19 major updates that make AI-driven automation faster and more reliable. Discover the new...",39,0,3206,2026-04-02,39,video,https://www.youtube.com/watch?v=mmqQY-Gp0gA
youtube,"Claude 3.5 Sonnet meets Vertex AI: What you need to know. Anthropic’s newly released model, Claude 3.5 Sonnet, is now generally available on Vertex AI. Claude 3.5 Sonnet outperforms Anthropic’s previous most intelligent model, Claude 3 Opus, on a wide range of Anthropic’s evaluations. With this release, enterprises will now have an even broader choice of high-performing and cost-effective models on Google Cloud. Customers can begin experimenting with or deploying in production Claude 3.5 Sonnet...",92,0,3802,2024-07-19,92,video,https://www.youtube.com/watch?v=YL4Ux94jE8U
youtube,"How I use Claude Code (Meta Staff Engineer Tips). This is my 50 Claude Code tips from 6 months of daily use personally and at Meta as a Staff Software Engineer. I've been coding with Claude Code basically 12 hours a day really trying to understand what makes Claude Code tik. Here's everything I wish I knew when I started, from foundations to advanced parallel workflows. TIMESTAMPS - Intro - ACT 1: Foundations (Tips 1-25) - Tip 1: Run from root directory - Tip 2: Run /init immediately - Tip 3:...",8618,0,354558,2026-02-07,8618,video,https://www.youtube.com/watch?v=mZzhfPle9QU
youtube,Claude just introduced Skills and it's ridiculous ai claude,79,0,5957,2025-10-20,79,video,https://www.youtube.com/watch?v=Cd3jsPZ4f6k
youtube,"Claude 3 vs GPT-4: Which is Better?. Which AI is better for you? This clip helps you decide between Claude 3 and GPT-4 based on your needs. Perfect for those looking to choose the best AI! Claude3, GPT4, Artificial Intelligence, AIComparison, AITools, FutureOfAI, TechInnovation, AIRevolution, AnthropicAI, AITrends",0,0,7,2025-01-31,0,video,https://www.youtube.com/watch?v=Fr3r-Xj2gh8
youtube,how claude code was stopping copycats ai claude claudecode anthropic,23,0,1482,2026-04-03,23,video,https://www.youtube.com/watch?v=Gy4dUVxXons
youtube,"Claude AI: 4 Features That Will Save You Hours. I've been using Claude AI for months, and these 4 features are saving me 10+ hours every week. to my Weekly AI Newsletter: Most people think Claude is just another ChatGPT alternative, but they're missing some incredible features that make AI actually remember how you work. In this tutorial, I'm showing you Claude Projects, Skills, Artifacts, Code Execution, and Memory... Features that turn Claude from a simple chatbot into a persistent workspace...",302,0,15627,2025-12-13,302,video,https://www.youtube.com/watch?v=bk9YE1i_ewY
youtube,"Claude Is Becoming OpenClaw (And It's Better). LIMITLESS HQ ⬇ NEWSLETTER: FOLLOW ON X: SPOTIFY: APPLE: RSS FEED: POLYMARKET | 1 PREDICTION MARKET We explore Anthropic's eight major releases in eight weeks, including Claude Cowork, which transforms desktop interactions into a potential ""Claude OS."" We discuss implications for market competitors and investor excitement around possible IPOs for Anthropic and OpenAI. It's time to start using these innovative tools, understand their potential to...",1266,0,33706,2026-03-25,1266,video,https://www.youtube.com/watch?v=FuP8FqF4gTk
youtube,Claude Code Tutorial - Build Apps 10x Faster with AI. Claude Code tutorial - Learn how to use Claude Code like a real software engineer. Want to dive deeper? Check out my complete Claude Code course: for more coding tutorials: GitHub repo for this course: Related videos Stay connected: - Full Courses: - Twitter: - Facebook: - Instagram: - LinkedIn: Table of Content – Welcome – Prerequisites – Course Structure – Source Code – How to Take This Course – Getting Started with Claude Code – What is...,4601,0,180548,2026-03-24,4601,video,https://www.youtube.com/watch?v=IuyVVtr1uhY
youtube,"Claude 3.7 goes hard for programmers…. Try Convex for free, the only database designed to be generated Anthropic released an impressive new CLI tool for programmers called Claude Code. Let's take a first look at Claude 3.7 and see how it compares to other thinking models like OpenAI o3 and DeepSeek R1. programming ai thecodereport Chat with Me on Discord Resources Claude 3.7 Claude Computer Use DeepSeek First Look Get More Content - Upgrade to PRO Upgrade at Use code YT25 for 25% off PRO access...",80555,0,1927172,2025-02-25,80555,video,https://www.youtube.com/watch?v=x2WtHZciC74
youtube,"Introducing Claude Opus 4.5. Claude Opus 4.5 sets a new standard for coding, agents, computer use, and enterprise workflows. It knows when to pause and think, which means fewer wasted steps and better results. When we gave it our two-hour engineering assignment, it scored higher than any human ever has. We’re excited to see what you build. Learn more:",3337,0,127924,2025-11-24,3337,video,https://www.youtube.com/watch?v=56kq0VTkU4k
youtube,"Auto Claude: NEW Claude Auto-Mode is INSANE!. Want to make money and save time with AI? Get AI Coaching, Support & Courses Get the video notes + links to the tools Get a FREE AI Course + 1000 NEW AI Agents Want to know how I make videos like these? Join the AI Profit Boardroom Get a FREE AI SEO Strategy Session: Claude Code Auto Mode Just Dropped: Run Tasks Autonomously Without Constant Permissions The script explains Claude Code’s newly released Auto Mode, which reduces the need to repeatedly...",106,0,9009,2026-03-24,106,video,https://www.youtube.com/watch?v=yZx6X4A3oM4
youtube,Silicon Valley is Obsessed With Claude Cowork–Here's How to Use It. WSJ’s Kate Clark demonstrates how Anthropic’s new Cowork tool can help non-coders automate their lives–or at least attempt to. Claude AI WSJ,9437,0,272648,2026-03-20,9437,video,https://www.youtube.com/watch?v=orlZyMOM9aw
youtube,"3 Claude Code Tips to Get Ahead of 99% of People Using AI. DM me ""CLAUDE"" on instagram to get the full Claude Code guide. Claude Code tips to get ahead of 99% of people using AI in 2026. Most people try Claude once and move on. The ones getting real results do 3 things differently. 1. They update their CLAUDE.md memory file after every session. Ask Claude to reflect on what it learned and save best practices. It gets smarter every time you use it. 2. They spend 90% of their time in Plan Mode....",837,0,13724,2026-03-06,837,video,https://www.youtube.com/watch?v=kPB8cStXVlM
youtube,Claude gave the worst surprise to enemy claudemontage mlbbshorts viralshorts. Claude delivers a devastating surprise to the enemy in this intense Mobile Legends montage! His swift moves and precise attacks leave opponents stunned. Don't miss this epic gameplay moment! MobileLegends MLBB GamingShorts EpicGameplay MobileGaming Claude SurpriseAttack MLBBIndonesia GamingCommunity,102,0,5740,2025-01-02,102,video,https://www.youtube.com/watch?v=F-KpF4WS_fU
youtube,"This is why I quit Cursor and switched to Claude Code. With so many new AI code editors coming out, I think Cursor is falling behind in performance and stability. That’s why I decided to try Claude Code. This is not an ad or anything like that, just my experience with both tools. Thanks for watching. vibecoding cursor claudecode claude",9548,0,793154,2025-07-24,9548,video,https://www.youtube.com/watch?v=Ll1UyM8kBNc
youtube,Why I switched from ChatGPT to Claude?. Why I switched from ChatGPT to Claude?,1690,0,52602,2026-03-29,1690,video,https://www.youtube.com/watch?v=MMnzVfMZ-NI
youtube,"Anthropic just released the real Claude Bot.... Try SerpApi for free to get real-time search data from a single API - Anthropic just dropped Claude Computer Use to try and take down OpenClaw. But is it actually a gamechanger, or just more slop hype? Let's run it. coding ai programming Want more Fireship? Newsletter: Courses:",31252,0,1004546,2026-03-26,31252,video,https://www.youtube.com/watch?v=wfeiCZK0mNs
youtube,"Anthropic Leaks Claude Code: Full Source Revealed! shorts. Whoa, Anthropic's Claude Code source code just leaked! We're talking half a million lines of code, unreleased features, everything. What does this mean for you as a business owner or marketer? Plus, tips to make your AI tokens last longer and Cloudflare's new open-source WordPress alternative. It's a wild week in AI!",17,0,868,2026-04-03,17,video,https://www.youtube.com/watch?v=F0N_gF6p_lo
youtube,"Claude Code + Nano Banana 2 = Insane $10,000 Websites. ALL Systems: FREE Resources: My Goofy pod: *Overview* You can now build beautiful responsive websites with 3D animations in minutes using Claude Code and Nano Banana 2. I'm showing you exactly how to create premium websites that are mobile optimised, SEO ready, and look nothing like AI slop - perfect for selling to clients or building your own business. CORE Software AntiGravity: Type with your voice: GitHub: Claude: *What Next?* Grab all...",15919,0,419209,2026-03-11,15919,video,https://www.youtube.com/watch?v=TZUTe7s11-I
youtube,"New Claude Opus 4.5 Full Breakdown & Real World Use Cases. for weekly breakdowns of the AI news you can actually use! Anthropic just released the new Claude Opus 4.5 flagship LLM model, and in this video, Igor breaks down everything you need to know about the new Claude. Plus, he shows you the most impressive Opus 4.5 use cases from around the world to show you what you can actually do with this new AI. Enjoy! Links: Free ChatGPT Prompt Templates: AI Advantage on LinkedIn: Igor Pogany on...",833,0,34159,2025-11-27,833,video,https://www.youtube.com/watch?v=fPs0TeJ9J6I
youtube,Claude shocked me this week and gave me another reason to love it aiforwomen,23,0,1121,2026-03-01,23,video,https://www.youtube.com/watch?v=tJDpj0Sv19c
youtube,"9 ChatGPT vs Gemini vs DeepSeek vs Claude — Chaotic Double Pendulum Animation (HTML/CSS/JS). Four AI models, one prompt. I asked ChatGPT, Gemini, DeepSeek and Claude to write HTML/CSS/JS code that animates a double pendulum using gravity-based equations: “Write HTML/CSS/JS code that animates a double pendulum using gravity-based equations. The motion should be chaotic and continuous, and the last bob should leave a fading trail showing its path.” In this video you’ll see how each AI: Implements...",30629,0,6779652,2025-12-09,30629,video,https://www.youtube.com/watch?v=55xm9gR4h-U
youtube,FULL Claude Code Tutorial for Beginners in 2026! (Step-By-Step). If you're trying to land a job in 2026 then you NEED to properly prepare for DSA and System Design style interviews. AlgoExpert is currently offering a 80% discount on all of their prep resources here: This video goes over a full cladue code tutorial for beginners in 2026. I show you how to setup claude code effectively to get the most use out of it and make you 10x more productive. Tools I Use Get 10% off with code techwithtim...,2686,0,154098,2026-03-29,2686,video,https://www.youtube.com/watch?v=qYqIhX9hTQk
youtube,"LLM Evaluation: Claude vs GPT-4 for System Ranking. We explore LLM evaluation using Claude to assess information from GPT-4.0, enhancing system ranking. Discover effective language model comparison techniques. LLMEvaluation Claude GPT4 SystemRanking LanguageModel AIComparison ArtificialIntelligence MachineLearning AITesting NLP",0,0,813,2025-06-07,0,video,https://www.youtube.com/watch?v=1dIrhShuvtM
youtube,Claude 3.5 Sonnet Beats GPT-4 in Every Benchmark! Day 97/100 anthropic aibreakthrough ai aitools. Here is the resource talked about in the video Claude 3.5 Sonnet -,20,0,712,2024-08-01,20,video,https://www.youtube.com/watch?v=1FAhTJ_gd6I
youtube,"claude opus vs Claude sonnet vs Gemini vs DeepSeek - Best coding Showdown. Which AI is actually better for CSS animations? We tested Claude sonnet, Claude opus, Gemini, and Deepseek with the EXACT same prompt to find out. The Prompt We Used: “ In one HTML file create a 3d animation of a rotating Octahedron with 3 small balls inside that start in the center and follow the rules of physics” AI Models Tested: • claude sonnet • Claude 4.1 Opus • Google Gemini 2.5 • DeepSeek Watch to see which AI:...",1720,0,297423,2025-11-28,1720,video,https://www.youtube.com/watch?v=wOi16NvzB64
youtube,"I Switched 50% of My AI Work to Claude, Here's Why. Claude: My free AI Toolkit: Learn how Claude AI handles complex tasks differently from ChatGPT and Google Gemini. In this video we cover Claude's most powerful features: Projects for managing multi-level context, Artifacts for handling complex outputs, interactive dashboards for visualizing dense information, and data analysis capabilities for deriving business insights from unstructured data. *TIMESTAMPS* Claude compared to ChatGPT and Gemini...",12156,0,512083,2025-02-11,12156,video,https://www.youtube.com/watch?v=RudrWy9uPZE
youtube,"Vibe Island + OpenClaw + Claude Code is INSANE!. Want to make money and save time with AI? Get AI Coaching, Support & Courses Get the video notes + links to the tools Get a FREE AI Course + 1000 NEW AI Agents Want to know how I make videos like these? Join the AI Profit Boardroom Get a FREE AI SEO Strategy Session: Vibe Island + Claude Code: Control AI Agents From Your Mac Notch Discover how Vibe Island turns your MacBook notch into a live command center for AI agents like Claude Code and...",28,0,1199,2026-04-03,28,video,https://www.youtube.com/watch?v=k3F36e2rjnA
youtube,"Claude's NEW Opus 4.6 Model is INSANE . Claude's new Opus 4.6 model is crazy! This video shows you how to access it, what makes it good and how to make it 10x stronger with better AI prompts from MyPromptBuddy.",856,0,56418,2026-02-05,856,video,https://www.youtube.com/watch?v=_zPEw3s1vi4
youtube,"Getting started with projects in Claude.ai. Discover how to use Projects in Claude to organize your work with persistent context and custom instructions. This tutorial walks you through creating your first project, adding a knowledge base, setting up project instructions, and collaborating with team members. Learn how Projects can help you maintain continuity across conversations and tailor Claude's responses to your specific needs—from brand guidelines to research initiatives to content...",1990,0,316901,2025-12-02,1990,video,https://www.youtube.com/watch?v=GJ5jTgcbRHA
youtube,"Claude Opus 4.5 is the BEST coding model ever.... Anthropic just dropped Opus 4.5. Its cheaper, smarter, and an absolute beast at coding. Here’s everything new, the benchmarks, and whether it’s finally time to switch. Let me know what you think! Relevant Links Opus 4.5: More about us Radically better observability stack: Written tutorials: Example projects: Socials Twitter: Instagram: TikTok: LinkedIn: Chapters: Intro Pricing Coding Token Efficiency Improvements Benchmarks Thoughts",963,0,43861,2025-11-24,963,video,https://www.youtube.com/watch?v=8JH0RHQSdYE
youtube,It’s time to switch from ChatGPT carterpcs tech chatgpt ai claude. It’s time to switch from ChatGPT carterpcs tech chatgpt ai claude,135480,0,3923389,2026-03-03,135480,video,https://www.youtube.com/watch?v=PAtlYn8M4ag
youtube,"NEW, FREE LLM OUT NOW! Claude 3.5 Sonnet by Anthropic ai learn chatgpt llm claude code shorts",75,0,2175,2024-06-20,75,video,https://www.youtube.com/watch?v=dEBurRwedYI
youtube,"How to use Claude AI’s Voice Feature. If you’re still typing, you’re missing out.",84,0,8925,2025-06-25,84,video,https://www.youtube.com/watch?v=FWYDk1BR4nI
youtube,"How I use Claude Code for real engineering. In this video, I walk through my complete workflow for tackling large coding projects using Claude Code's plan mode. I demonstrate how to start with a rough dictated prompt, use plan mode to explore the codebase and generate clarifying questions, and break complex work into multi-phase plans that can span multiple context windows. I show my custom rules configuration that keeps plans concise and adds unresolved questions, how to monitor context usage...",4995,0,235661,2025-10-27,4995,video,https://www.youtube.com/watch?v=kZ-zzHVUrO4
youtube,"Maximize Claude Code credits with one hidden command. Opus handles strategy, Sonnet does the rest.",1076,0,18057,2026-04-03,1076,video,https://www.youtube.com/watch?v=NmiKo_KBq38
youtube,"Claude Sonnet 3.5 Tutorial - 2026 | New Tips & Tricks | How to Use Claude Sonnet - Beginner Guide. Try Claude Sonnet 3.5 Now: Discover the amazing capabilities of Claude 3.5 Sonnet in this Claude Sonnet Tutorial. From analyzing data and creating interactive dashboards to building animations, games, and websites, I’ll walk you through everything this powerful AI tool has to offer. Let’s explore its features and unleash your creativity together! CHAPTERS: Claude Sonnet Tutorial How to Use Claude...",9607,0,638635,2025-01-12,9607,video,https://www.youtube.com/watch?v=0j42PyBV5fI
youtube,"Claude Code Kairos is INSANE!. Want to make money and save time with AI? Get AI Coaching, Support & Courses Get the video notes + links to the tools Get a FREE AI Course + 1000 NEW AI Agents Want to know how I make videos like these? Join the AI Profit Boardroom Get a FREE AI SEO Strategy Session: Anthropic accidentally leaked Claude Code's entire source code — and buried inside was something they never announced. Meet Chyros: a persistent background agent with memory, push notifications, and a...",65,0,4705,2026-04-02,65,video,https://www.youtube.com/watch?v=ThI-RPiziPQ
youtube,Claude 3.5 Sonnet Fails To Fix My Extension On the First Try. on X: Buy and download my products from Gumroad:,0,0,242,2025-05-16,0,video,https://www.youtube.com/watch?v=bYY6F0MFL9w
youtube,"Emotional AI + The Biggest $$ Raise in History: Anthropic & OpenAI News This Week!. AI with Emotions + biggest raise in history. Anthropic this week: 2 leaks in 5 days. Next-gen Claude 'Mythos' in Capybara tier (bigger than Opus level, scary good at hacking). Claude Code source leaked & forked. Research uncovers Claudes “internal emotion” - joy, fear, desperation. Emotion vectors change behaviour. OpenAI this week: Record $122B raise ($852B valuation). Purchase of TBPN tech news show for...",16,0,1264,2026-04-04,16,video,https://www.youtube.com/watch?v=h2yWd7iq2uI
youtube,"Claude vs ChatGPT for Programming: What's the difference?. When OpenAI launched ChatGPT in late 2022, programmers like myself were already using it with obsession and testing its limits. In this video, I'll help you understand what sets Claude and ChatGPT apart for coding, focusing on models like Claude 3.5 Sonnet and ChatGPT's GPT-4o depending on your workflow in vscode or cursor. chatgpt clade coding You can try ChatGPT Automations with Zapier: And Claude Automations with Zapier too: Full...",864,0,73186,2025-04-11,864,video,https://www.youtube.com/watch?v=0FVclkFNkx0
youtube,"Claude 4.5 vs Gemini 3 Pro vs GPT 5.2 - Top AI Model Comparison. Which model should is best for for daily coding tasks between Claude 4.5 Gemini 3 Pro and OpenAI GPT 5.2 Codex. AI Coding in cursor and vs code has become the norm, so I want to compare the cost, performance and outputs of all three ai models. Tiger Data (todays sponsor) Learn more or sign up for free to their database below: - Top AI Model Coding Comparison - Pricing and Costs Comparison - One Shot Comparison - Claude 4.5 - One...",242,0,16728,2026-01-28,242,video,https://www.youtube.com/watch?v=65Mz9QUFpXg
youtube,Tragic mistake... Anthropic leaks Claude’s source code. Anthropic accidentally leaked Claude Code's source code to the entire internet. Let's take a look... coding programming claude ai Topics Covered - Claude source code leak - What's in the leak? - Unreleased features - Undercover Mode - Frustration Detector Want more Fireship? Newsletter: Courses:,92030,0,2687718,2026-04-01,92030,video,https://www.youtube.com/watch?v=mBHRPeg8zPU
youtube,"Claude AI Manages Proxmox Server: Full Automation Demo! shorts. See Claude AI take the reins of a Proxmox server. From OS installation to VM creation and system updates, watch it manage repositories, set up services, and troubleshoot network issues. Proxmox AI ServerManagement ClaudeAI TechDemo",14,0,2082,2026-04-01,14,video,https://www.youtube.com/watch?v=wUBgf9wYofw
youtube,"Claude's new features are insane ad. I've been using @claude for 2 years, but Claude Code and Claude Co-work are on another level ad Claude Code: I was intimidated at first (terminal = scary), but it's not just for coding. I've connected it to all my files. It knows my projects, goals, and ideas. It can generate content from transcripts, help with my courses, research stuff overnight while I sleep. Claude Co-work: Same power, better UI. I use it on my Mac to build presentations, do deep...",1576,0,39309,2026-04-02,1576,video,https://www.youtube.com/watch?v=W8XNHsZWFSo
youtube,Does GPT 5.4 beat Claude Opus 4.6?. Create awesome ascii animations for your react apps on: Twitch: Twitter: Github: programming,287,0,14334,2026-03-11,287,video,https://www.youtube.com/watch?v=V8XK2bzjJEQ
youtube,"Claude Skills Built Me an AI Agent Army (They Run Everything Now). In this episode, Amir takes us through how to use Claude Skills to build digital employees. We cover practical demos including an A/B testing idea agent, marketing insight analyzer, and a live build of a tweet-to-newsletter converter. You'll learn what Claude Skills actually are, why they represent the biggest leap since sub-agents, and how to build them yourself, even if you've never written a custom AI workflow before....",3176,0,182258,2025-10-27,3176,video,https://www.youtube.com/watch?v=G-5bInklwRQ
youtube,ChatGPT vs Claude: The Real Winner. ChatGPT vs Claude. ChatGPT has the massive ecosystem and the user base. Claude? People swear the writing feels way better and the results sound more human.,570,0,28947,2026-03-04,570,video,https://www.youtube.com/watch?v=V1mD4JEpBCU
youtube,"Claude + Nano Banana. Insane Social Media Content in Minutes.. Everyone's using AI to create content. Nobody's building a system behind it. You paste a prompt, get something generic, and wonder why your content still looks like everyone else's. Create CONTENT now with Higgsfield: (Limited time Offer) The tool isn't the problem. The setup is. In this video I'll show you 3 levels of AI-powered carousel creation, from basic to a full creative system using Claude and Nano Banana Pro. Same script,...",4845,0,107708,2026-03-31,4845,video,https://www.youtube.com/watch?v=CLLyO7f6zKU
youtube,"Claude vs ChatGPT: Your $20 Is Not the Same. The ""Cancel ChatGPT"" movement is everywhere right now, with people jumping ship to Claude over the recent Pentagon and military contract drama. But like most things its not so simple. In this video, I break down why Claude is my favorite AI agent, but why it's not a one-to-one replacement for ChatGPT. I cover the hypey political context behind the movement, the differences in usage limits, features, and pricing, and why you might want to keep both...",130,0,6140,2026-03-07,130,video,https://www.youtube.com/watch?v=mshV0owcE2E
youtube,"How to get the most out of Claude Opus 4.5. Key Points * Claude 4.5 Opus can act like a senior engineer for non-technical builders when paired with a tight skill and tools setup. * Conversion wins come more from “elevated direct response” copy and clear page architecture than from fancy visuals alone. * Claude’s front-end design skill meaningfully reduces “AI-looking” gradients and vibe-coded layouts, producing cleaner, production-grade UIs. * Live tests show Opus 4.5 generates more refined...",2431,0,48330,2025-12-09,2431,video,https://www.youtube.com/watch?v=QlIAW17I4ZE
youtube,Claude Opus 4.5 Just Took the AI Crown! . Claude Opus 4.5 is here and it's seriously impressive. Links: Free ChatGPT Prompt Templates: AI Advantage on LinkedIn: Igor Pogany on LinkedIn: Twitter/X: Instagram: Prompts: Chapters:,172,0,11741,2025-12-01,172,video,https://www.youtube.com/watch?v=bw2U7tt3J84
youtube,Claude Opus 4.5 became the first model to cross 80 in SWE benchmarks.,8050,0,283923,2025-11-25,8050,video,https://www.youtube.com/watch?v=5zEOfNma2wY
youtube,"How to Use Claude AI in 2026 (Complete Beginner Guide). Claude AI beginner guide for people still stuck on ChatGPT. Here's how to get started with Claude AI in 2026, from skills to memory to projects. Everything you need to ditch ChatGPT and switch to the AI tool it's 10x more useful. Skills are like custom GPTs but way more effective. Type ""/"" to see yours, or create one from scratch. Memory lets you import everything from ChatGPT so you don't start over. And projects keep all your...",971,0,21975,2026-03-31,971,video,https://www.youtube.com/watch?v=4tDCltcLTJU
youtube,"ChatGPT vs Claude: Which AI Is Better?. ChatGPT vs Claude… one wins on depth, the other on everything else. So why are you only using one?",39,0,2078,2026-04-01,39,video,https://www.youtube.com/watch?v=SIfg0bISdbI
youtube,"How to leverage on Claude 3.5 Sonnet. Explore how to leverage Claude 3.5 Sonnet's new computer use capability to streamline tasks on your computer effortlessly! In this tutorial, we’ll guide you through setting up and using Claude’s advanced API to automate workflows, manage files, and complete repetitive tasks like data entry—all with easy commands. Perfect for creators and professionals looking to save time, boost productivity, and focus on creating amazing content! Don’t forget to join the...",14,0,1046,2024-10-29,14,video,https://www.youtube.com/watch?v=Nqd0uWaxaRw
youtube,I Vibecoded this Programmatic Video Engine With Claude Code & Remotion Skills. AI Website Design Course + n8n Course + All AI Agent Templates + 1:1 Tech Support + AI Agency Blueprint (for builders) Free AI Community (for learners) 1-on-1 Project Help (for businesses) Resources/Affiliate Links: n8n (14-day free-trial): APIFY (30% OFF):,202,0,5705,2026-03-11,202,video,https://www.youtube.com/watch?v=1rCNgP112y4
youtube,Claude Opus 4.5 Beats Every Human Coder,8142,0,248885,2025-11-25,8142,video,https://www.youtube.com/watch?v=QgNwpHc35T4
youtube,"Claude Code 4.1 vs Gemini CLI Gemini 3 Pro Coding Benchmark gemini3 geminicli claudecode ainews. I challenged Claude Code using opus 4.1 and Gemini CLI using gemini 3 Pro to build a 3D physics engine from scratch using the exact same prompt. The results were shocking. One model built a dark solar system, while the other built a fully functional solar system with orbital mechanics in minutes.",122,0,10368,2025-11-22,122,video,https://www.youtube.com/watch?v=ykpWojpxg6g
youtube,"Why Anthropic's Claude is the Future of AI Tools?. As more tools are built on Anthropic and Claude, their integration becomes harder to replace, making them a key player in AI tech. Discover why API stickiness is crucial and how it benefits both developers and providers like Anthropic. Watch the full episode now! Anthropic AIAPIs ClaudeAI TechDevelopment AIInnovation APIEconomy AI Techtrend trending shorts",10,0,989,2024-09-20,10,video,https://www.youtube.com/watch?v=ZrYVJPYQvTA
youtube,"ChatGPT vs Claude in 2026: The Winner SHOCKED Me (Free AI Hack). Claude 3.5 just BEAT ChatGPT in 2026! Longer context, smarter reasoning, fewer hallucinations – perfect for writing, coding & productivity. Side-by-side test: Claude won hands down. Try Claude FREE: Comment 'CLAUDE' for my test prompt! for daily AI vs battles & hacks AITools ClaudeAI ChatGPT AI2026 ProductivityHack",0,0,55,2026-03-02,0,video,https://www.youtube.com/watch?v=Qn1zHONkGDU
youtube,"Claude AI Sonnet 3.5 vs GPT-4: Which AI Model is Better? . Antrhopic's Claude Sonnet 3.5 and GPT-4o are two of the most talked-about AI models in the tech world today. But which one is better for your needs? In this video, we break down the key features, performance metrics, and real-world applications of both models. Whether you're a developer, a tech enthusiast, or just someone interested in the future of AI, this video will provide you with valuable insights.",23,0,2085,2024-07-05,23,video,https://www.youtube.com/watch?v=lsrMzRKTQRU
youtube,"I Switched to Claude: Here's the Setup Everyone Skips. I switched from ChatGPT to Claude and finally made AI sound like ME. Here's my full Claude setup: how to import your ChatGPT memory, set up projects, and create skills that match your brand voice. If Claude sounds generic to you, that's not Claude's fault—it's a setup problem. Most people skip the foundation and wonder why AI doesn't work for them. In this video, I'm showing you: How to import your ChatGPT data into Claude (one click) How...",706,0,11691,2026-03-21,706,video,https://www.youtube.com/watch?v=lB9V9zPJByo
youtube,"GPT-5.4 vs Claude Opus 4.6 Is Wild. GPT-5.4 vs Claude Opus 4.6 Is Wild GPT-5.4 vs Claude Opus 4.6, AI model comparison, coding benchmark AI, physics simulation AI test, AI developer tools, LLM performance comparison, AI cost efficiency, AI workflow tools AI GPT5 Claude AIDevelopers TechNews FutureTech Shorts",9,0,2024,2026-03-14,9,video,https://www.youtube.com/watch?v=4AKXrE4yxhM
youtube,"Claude Visits Aug Who Made Me a Princess anime athy shorts. Claude Visits Aug Who Made Me a Princess anime athy shorts My Instagram: COPYRIGHT I have no rights on the background music! I have no rights on the anime images! Copyright: TV Tokyo Corporation All of the images and music are under the use of fair use Copyright Info: Under Section 107 of the Copyright Act 1976 of U.S Law, allowance is made for ""fair use"" for purposes such as criticism, comment, news reporting, teaching, scholarship,...",14389,0,382403,2025-12-21,14389,video,https://www.youtube.com/watch?v=SbPZRbrCoq0
youtube,Paying for Claude AI? Watch this. aitools claude ai,772,0,40318,2025-08-04,772,video,https://www.youtube.com/watch?v=S40RNo7MrEU
youtube,"Claude Opus 4.6 Is INSANE – This Might Be the BEST Model Yet!. Timestamps: - Intro - First Look - Technical Look - Browser OS Test - 3D Printer Simulation Test - Multimodal Coding Test - Python 3D FPS Test - Ship Combat Simulator Test - Flight Combat Simulator Test - Opus 4.5 Flight Game Comparison - Drum Kit Simulator Test - Phil Collins Test - C++ Skateboard Game Test - Image to SVG Test - Results Overview - Closing Thoughts AI Integration & Consulting : In this video, we take a hands-on look...",1254,0,39514,2026-02-05,1254,video,https://www.youtube.com/watch?v=8brENzmq1pE
youtube,"This Is WHY I Switched From GPT To Claude. ^^^ Watch full video above ^^^ I’ve been using ChatGPT since launch. Recently switched to Claude, and the difference is clear. Better structure. Better outputs. Better value. If it’s not working for you, it might just be how you’re using it. ai claude chatgpt aitools",25,0,1662,2026-03-30,25,video,https://www.youtube.com/watch?v=vYT0zdExDV4
youtube,ChatGPT VS Claude! Which one to use?,8516,0,602980,2024-10-06,8516,video,https://www.youtube.com/watch?v=1ZN0Zrd9234
youtube,"Every Claude Feature Explained in One Video. Create graphics with Gamma Imagine: I walk through how I use Claude for everyday work and show the Claude features I use most. I start with the free Claude tools on claude.ai, then I move into the paid Claude plans, Claude pricing, and the extra tools you get when you upgrade. I show how I use Claude for writing, web search, file uploads, PDF analysis, image analysis, and artifacts. I also explain the Claude models like Opus, Sonnet, and Haiku in a...",693,0,27624,2026-03-27,693,video,https://www.youtube.com/watch?v=AxRprCFZBU8
youtube,"ChatGPT vs Claude vs Gemini vs Grok- Best Animation Showdown. Which AI is actually better for CSS animations? We tested ChatGPT, Claude, Gemini, and Grok with the EXACT same prompt to find out. The Prompt We Used: “Make an HTML5 canvas animation where a ball starts in the center of a triangle. Each time the ball hits a polygon side, it bounces, gains speed, and the polygon increases its number of sides (triangle square pentagon etc.). Include simple UI showing sides and speed. Output a single...",1170,0,226401,2025-12-02,1170,video,https://www.youtube.com/watch?v=Z11tPdo4qPQ
youtube,"Getting started with Claude.ai. Learn how to get the most out of chatting with Claude. This tutorial covers the basics of Claude's conversational interface, including how to craft effective prompts, upload supporting documents, use search and tools, customize your experience with styles and model selection, and leverage features like extended thinking and research mode. Whether you're new to Claude or looking to level up your skills, this video will help you work more effectively with your AI...",2645,0,563210,2025-12-02,2645,video,https://www.youtube.com/watch?v=0vZ_UVLhSQQ
youtube,"Why I Switched From ChatGPT to Claude (without losing anything). Get your FREE AI Prompt Cheatsheet here: Are you building an AI software company? Partner with me: Something massive is happening in the AI world right now, and most people are on the wrong side of it. ChatGPT uninstalls are spiking, OpenAI is burning cash at an alarming rate, and Claude just took the 1 spot on the App Store. In this video, I break down what's really going on behind the scenes at both companies, why I made the...",7999,0,195731,2026-04-02,7999,video,https://www.youtube.com/watch?v=XRU-CjzYt_o
youtube,12 Claude Code Features Every Engineer Should Know . Discover 12 powerful Claude Code features that turn it from a coding tool into a full AI engineering teammate.,166,0,2769,2026-04-02,166,video,https://www.youtube.com/watch?v=DtzBHjTEDb0
youtube,Claude 3.5 Sonnet: 40% More Productive!. Claude 3.5 Sonnet is outperforming ChatGPT in key areas! Better reasoning longer context windows and superior coding abilities make it perfect for complex business tasks. I switched completely and saw 40% productivity increase in one week. Follow for more AI tool reviews and comment 'CLAUDE' for my complete AI tool comparison guide! Claude ClaudeSonnet AITools ChatGPT ArtificialIntelligence AIComparison Productivity,4,0,198,2025-06-25,4,video,https://www.youtube.com/watch?v=285oThzeY6A
youtube,Claude 3.5 Sonnet by Anthropic,0,0,49,2024-07-13,0,video,https://www.youtube.com/watch?v=1aUJsEsjuTg
youtube,"4 reasons I switched from ChatGPT to Claude (and still use both every day). I switched my main work AI from ChatGPT to Claude — but I still use ChatGPT every day. Here's exactly how I split them and why. The 4 reasons I use Claude for work: 1. It holds full context — when I go back to fix an earlier step in a multi-step process, it remembers what we've already done. ChatGPT forgets. 2. Projects: not folders. Files and instructions loaded once, every new chat knows everything. I never re-explain...",1,0,39,2026-04-04,1,video,https://www.youtube.com/watch?v=ah53YSUPvWA
youtube,"ChatGPT vs Claude vs Gemini vs DeepSeek - Best coding Showdown. Which AI is actually better for CSS animations? We tested ChatGPT, Claude, Gemini, and Deepseek with the EXACT same prompt to find out. The Prompt We Used: “ Create a single HTML file containing a fully functional 3D Rubik's Cube simulation using Three.js (via CDN). The cube must be able to automatically solve itself. .” AI Models Tested: • ChatGPT (GPT-5) • Claude 4.1 Opus • Google Gemini 2.5 • DeepSeek Watch to see which AI:...",5411,0,700763,2025-11-27,5411,video,https://www.youtube.com/watch?v=fn5PwOK4Mo8
youtube,"Claude Code Tutorial 2 - CLAUDE.md Files & /init. In this course, you'll learn how to harness the power of Claude Code within your development workflow, including how to install, setup a new project, add context, use MCP servers, and create subagents. Get instant access to ALL premium courses on NetNinja.dev: Get instant access to This Course on NetNinja.dev: Coding with AI (Copilot) Course: Get Claude Code: Claude Code Plans: Claude Code docs: Claude Code Tools: MCP docs: Playwright MCP...",1991,0,208387,2025-08-22,1991,video,https://www.youtube.com/watch?v=i_OHQH4-M2Y
youtube,"Claude Opus 4.5 First Test – The BEST Coding Model Ever!. Timestamps: - Intro - First Look - Browser OS Test - C++ Programming Test - Python FPS Game Test - ASCII Art Test - Image To SVG Test - Wireframe Drawing To Website Test - Business Advice Test - Dropship Item Website Test - 3D Printer Simulation Test - Flight Combat Simulator Test - Closing Thoughts AI Integration & Consulting: : In this video, we take a look at the newly released Claude Opus 4.5 model from Anthropic. Marketed as one of...",736,0,24065,2025-11-25,736,video,https://www.youtube.com/watch?v=4d38Jxp33w0
youtube,"ChatGPT vs Claude Which One Wins for You?. ChatGPT vs Claude: Who is the true victor? Let's find out! Secure your future with the 1 AI newsletter! Full Interview Here! ai shorts chatgpt claude Get more sales with media production and marketing: Listen to After Hours Entrepreneur podcast: My Gear: Some of the links above are affiliate links. This means, at no additional cost to you, you can purchase the services and Mark Savant Media will receive a small commission. Disclaimers: all opinions are...",44,0,14470,2025-05-09,44,video,https://www.youtube.com/watch?v=6LmIqFJCLZw
youtube,"ChatGPT vs Gemini vs Claude Make a Minecraft Add-On From Scratch. minecraft aigaming minecraftaddon Which AI can Code a better Minecraft Addon From Scractch, Chat GPT or Claude AI? That's what I'm figuring out today because I put ChatGPT vs Claude to see who can build the better Superpower Add-On for Minecraft Bedrock Edition. It was a shockingly close battle so leave your vote for who you think did better in the comments! Get a Fast, affordable hosting with Sparked Host Exclusive Apollo...",2617,0,77722,2026-03-14,2617,video,https://www.youtube.com/watch?v=dxkjKLCnB1U
youtube,"Claude code me a Pokémon game, make no mistakes. ai. Vote for the next video here —————————————— For the weekly brief on accessible and practical Ai usage + updates on our latest mission join the newsletter —————————————— My son’s ai toy GROK (he LOVES it) —————————————— Typeless voice keyboard Try it out for free! —————————————— Eleven labs is the crazy ai voice generation tool I use to generate voices Try it out for free! —————————————— And since people are asking. The Upside Down Cup - (The...",7462,0,478114,2026-03-28,7462,video,https://www.youtube.com/watch?v=WKv6VnfNeT4
youtube,Claude AI is my spirit animal edit claude,1157,0,40663,2025-12-24,1157,video,https://www.youtube.com/watch?v=UeUu4p0vAI0
youtube,How Claude Code Was Actually Developed - Dario Amodei,2921,0,212879,2026-02-17,2921,video,https://www.youtube.com/watch?v=eRov-sFcf1s
youtube,"Claude 3.5 Sonnet: Anthropic’s AI That Can Now Control Computers! | ai genai claude anthropic. Anthropic just launched a groundbreaking feature in its latest Claude 3.5 Sonnet model - computer use! Now in public beta, Claude can control a computer like a human, using the screen, moving the cursor, clicking buttons, and typing text. This feature, available via API, lets developers direct Claude to perform tasks for you, much like Microsoft’s Copilot Vision or Google’s Gemini. Although still in...",9,0,398,2024-10-23,9,video,https://www.youtube.com/watch?v=koFQFqByZfY
youtube,"Claude Code Tutorial 1 - Introduction & Setup. In this course, you'll learn how to harness the power of Claude Code within your development workflow, including how to install, setup a new project, add context, use MCP servers, and create subagents. Get instant access to ALL premium courses on NetNinja.dev: Get instant access to This Course on NetNinja.dev: Coding with AI (Copilot) Course: Get Claude Code: Claude Code Plans: Claude Code docs: Claude Code Tools: MCP docs: Playwright MCP Server:...",6870,0,745140,2025-08-21,6870,video,https://www.youtube.com/watch?v=SUysp3sJHbA
youtube,"Claude Code Clearly Explained. In this episode, I sit down with Professor Ras Mic for a beginner-friendly crash course on using Claude Code (and AI coding agents in general) without feeling overwhelmed by the terminal. We break down why your output is only as good as your inputs and how thinking in features + tests turns “vague app ideas” into real, shippable products. Was walks me through a better planning workflow using Claude Code’s Ask User Question Tool, which forces clarity on UI/UX...",9099,0,219276,2026-02-10,9099,video,https://www.youtube.com/watch?v=5G9PAIUs5Pk
youtube,"What Claude Cowork Actually Does (And Why It's Different). Get Started With Claude Cowork (FREE GUIDE): Claude Cowork is a brand new tool from Anthropic that lets you collaborate with AI on a shared set of files. Instead of just talking, it can read your documents, do research, ask follow-up questions, and create real deliverables like Word docs, spreadsheets, and summaries. In this video, I walk you through exactly how it works with two real-life examples: analyzing a 45,000-word book...",6888,0,357716,2026-02-17,6888,video,https://www.youtube.com/watch?v=_42sUaf037k
youtube,My best Claude Code tips pt 1. All the tips in my blog post:,5606,0,257529,2025-07-11,5606,video,https://www.youtube.com/watch?v=cmW8qJvQs6c
youtube,"I’m addicted to Claude Code (i get it now). I finally gave Claude Code a real shot, and, yeah...it's amazing. Thank you G2i for sponsoring! Check them out at: SOURCE Want to sponsor a video? Learn more here: Check out my Twitch, Twitter, Discord more at S/O Ph4se0n3 for the awesome edit",6605,0,183760,2026-01-06,6605,video,https://www.youtube.com/watch?v=-5LfRL82Jck
youtube,Claude Code’s Open Source Alternative,84,0,985,2026-04-04,84,video,https://www.youtube.com/watch?v=IrgRkNMyIoM
youtube,ChatGPT vs Claude 3. Here are the key differences between OpenAI ChatGPT and Anthropic Claude 3.,125,0,69400,2024-04-04,125,video,https://www.youtube.com/watch?v=uHo453GlcRs
youtube,"Claude for research: Creating an organized daily overview. Claude connects the dots between your emails, meetings, and the internet to help you work strategically.",570,0,20753,2025-06-17,570,video,https://www.youtube.com/watch?v=NIvnT5ug7Dk
youtube,"ChatGPT vs Claude AI: The 4 differences that matter. ChatGPT vs Claude AI—here’s the 4 biggest differences I’ve noticed after using both for 12 months. Real talk: ChatGPT often comes off more “corporate intern,” while Claude reads more like a human. If you’re picking an AI tool for writing, brainstorming, or client work, these differences show up fast—like comparing a template email to a real conversation. What’s your take—does ChatGPT or Claude sound more natural to you? Shorts AItools...",23,0,901,2026-03-23,23,video,https://www.youtube.com/watch?v=BdEx5q-xbaE
youtube,"1 - GPT-5.2 vs Gemini 3 Pro vs Claude Opus 4.5 vs Grok 4.1 - Which AI is King?. Four of the world's most advanced AI models, one difficult prompt. I entered the arena with GPT-5.2, Gemini 3 Pro, Claude Opus 4.5, and Grok 4.1 to see who could handle this challenge best. ai artificialintelligence aibattles LLMComparison gpt5 GPT52 gemini3pro googlegemini claudeopus anthropic Grok41 grokai elonmuskai openai machinelearning techreview benchmark aitesting generativeai promptengineering CodingBattle...",49,0,14341,2025-12-21,49,video,https://www.youtube.com/watch?v=znQrB90jvEo
youtube,Claude 3.5 Sonnet NEW is Really Good - Full Test. Claude 3.5 Sonnet NEW full test Check out Langtrace's GitHub here: 20% discount for Langtrace here: : Patreon: Instagram: Threads: LinkedIn: Media/Sponsorship Inquiries,1747,0,64577,2024-10-25,1747,video,https://www.youtube.com/watch?v=ffbcU3RLml4
